player_id,player_name,bat_style,bowl_style,field_pos,player_full_name,player_name2,player_image
6730,Mohsin Khan,Left hand Bat,Left arm Medium fast,Unknown,Mohsin Khan,Mohsin Khan,No Image
22,Rashid Khan,Right hand Bat,Legbreak Googly,Unknown,Rashid Khan Arman,Rashid Khan,https://www.espncricinfo.com/cricketers/rashid-khan-793463
590,K Rabada,Left hand Bat,Right arm Fast,Unknown,Kagiso Rabada,Kagiso Rabada,https://ipl-stats-sports-mechanic.s3.ap-south-1.amazonaws.com/ipl/playerimages/Kagiso%20Rabada.png
1424,SN Khan,Right hand Bat,Legbreak,Unknown,Sarfaraz Naushad Khan,Sarfaraz Naushad,No Image
963,MN Samuels,Right hand Bat,Right arm Offbreak,Unknown,Marlon Nathaniel Samuels,Marlon Nathaniel,No Image
53,SB Jakati,Left hand Bat,Slow Left arm Orthodox,Unknown,Shadab Bashir Jakati,Shadab Bashir,No Image
12,DA Warner,Left hand Bat,Legbreak,Unknown,David Andrew Warner,David Andrew,https://ipl-stats-sports-mechanic.s3.ap-south-1.amazonaws.com/ipl/playerimages/David%20Warner.png
73,MP Stoinis,Right hand Bat,Right arm Medium,Unknown,Marcus Peter Stoinis,Marcus Peter,No Image
1119,R Tewatia,Left hand Bat,Legbreak,Unknown,Rahul Tewatia,Rahul Tewatia,https://www.espncricinfo.com/cricketers/rahul-tewatia-423838
268,RA Tripathi,Right hand Bat,Right arm Medium,Unknown,Rahul Ajay Tripathi,Rahul Ajay,No Image
163,RD Chahar,Right hand Bat,Legbreak Googly,Unknown,Rahul Desraj Chahar,Rahul Desraj,No Image
186,S Nadeem,Right hand Bat,Slow Left arm Orthodox,Unknown,Shahbaz Nadeem,Shahbaz Nadeem,No Image
59,MK Pandey,Right hand Bat,Right arm Medium,Unknown,Manish Krishnanand Pandey,Manish Krishnanand,No Image
531,KS Williamson,Right hand Bat,Right arm Offbreak,Unknown,Kane Stuart Williamson,Kane Stuart,https://ipl-stats-sports-mechanic.s3.ap-south-1.amazonaws.com/ipl/playerimages/Kane%20Williamson.png
56,G Gambhir,Left hand Bat,Legbreak,Unknown,Gautam Gambhir,Gautam Gambhir,https://documents.iplt20.com/playerheadshot/ipl/284/84.png
39,MK Tiwary,Right hand Bat,Legbreak Googly,Unknown,Manoj Kumar Tiwary,Manoj Kumar,No Image
68,M Vohra,Right hand Bat,Right arm Medium,Unknown,Manan Vohra,Manan Vohra,No Image
638,NB Singh,Right hand Bat,Right arm Medium,Unknown,Nathu Bharat Singh,Nathu Bharat,No Image
40,R Bhatia,Right hand Bat,Right arm Medium fast,Unknown,Rajat Bhatia,Rajat Bhatia,No Image
1233,SS Tiwary,Left hand Bat,Unknown,Unknown,Saurabh Sunil Tiwary,Saurabh Sunil,No Image
1396,MA Wood,Right hand Bat,Right arm Fast,Unknown,Mark Andrew Wood,Mark Andrew,No Image
47,SK Raina,Left hand Bat,Right arm Offbreak,Unknown,Suresh Kumar Raina,Suresh Kumar,No Image
1242,R Vinay Kumar,Right hand Bat,Right arm Medium,Unknown,Ranganath Vinay Kumar,Ranganath Vinay,No Image
541,SE Marsh,Left hand Bat,Slow Left arm Orthodox,Unknown,Shaun Edward Marsh,Shaun Edward,https://cricclubs.com/documentsRep/profilePics/6c5d3a99-b18a-47b6-ba2e-5dae071b3452.png
6,Sachin Baby,Left hand Bat,Right arm Offbreak,Unknown,Sachin Baby,Sachin Baby,https://www.espncricinfo.com/cricketers/sachin-baby-432783
525,J Yadav,Right hand Bat,Right arm Offbreak,Unknown,Jayant Yadav,Jayant Yadav,https://www.espncricinfo.com/cricketers/jayant-yadav-447587
70,AR Patel,Left hand Bat,Slow Left arm Orthodox,Unknown,Axar Rajeshbhai Patel,Axar Rajeshbhai,No Image
63,PP Chawla,Left hand Bat,Legbreak,Unknown,Piyush Pramod Chawla,Piyush Pramod,No Image
30,HH Pandya,Right hand Bat,Right arm Medium fast,Unknown,Hardik Himanshu Pandya,Hardik Himanshu,No Image
36,SPD Smith,Right hand Bat,Legbreak Googly,Unknown,Steven Peter Devereux Smith,Steven Peter,No Image
55,S Kaushik,Right hand Bat,Left arm Wrist spin,Unknown,Shivil Kaushik,Shivil Kaushik,No Image
52,P Kumar,Right hand Bat,Right arm Medium,Unknown,Praveenkumar Sakat Singh,Praveenkumar Sakat,No Image
41,DL Chahar,Right hand Bat,Right arm Medium,Unknown,Deepak Lokandersingh Chahar,Deepak Lokandersingh,No Image
1429,K Khejroliya,Left hand Bat,Left arm Medium fast,Unknown,Kulwant Khejroliya,Kulwant Khejroliya,https://www.espncricinfo.com/cricketers/kulwant-khejroliya-1083033
32,MJ McClenaghan,Left hand Bat,Left arm Fast medium,Unknown,Mitchell John McClenaghan,Mitchell John,No Image
457,AD Mathews,Right hand Bat,Right arm Medium,Unknown,Angelo Davis Mathews,Angelo Davis,No Image
1286,Avesh Khan,Right hand Bat,Right arm Fast medium,Unknown,Avesh Khan,Avesh Khan,https://www.espncricinfo.com/cricketers/avesh-khan-694211
45,JJ Roy,Right hand Bat,Unknown,Unknown,Jason Jonathan Roy,Jason Jonathan,No Image
43,AB Dinda,Right hand Bat,Right arm Medium fast,Unknown,Ashok Bhimchandra Dinda,Ashok Bhimchandra,No Image
579,Shakib Al Hasan,Left hand Bat,Slow Left arm Orthodox,Unknown,Shakib Al Hasan,Shakib Al,No Image
1448,K Gowtham,Right hand Bat,Right arm Offbreak,Unknown,Krishnappa Gowtham,Krishnappa Gowtham,No Image
72,DA Miller,Left hand Bat,Right arm Offbreak,Unknown,David Andrew Miller,David Andrew,No Image
60,YK Pathan,Right hand Bat,Right arm Offbreak,Unknown,Yusuf Khan Pathan,Yusuf Khan,No Image
7,STR Binny,Right hand Bat,Right arm Medium,Unknown,Stuart Terence Roger Binny,Stuart Terence,No Image
3,TM Head,Left hand Bat,Right arm Offbreak,Wicketkeeper,Travis Michael Head,Travis Michael,https://ipl-stats-sports-mechanic.s3.ap-south-1.amazonaws.com/ipl/playerimages/Travis%20Head.png
173,Iqbal Abdulla,Left hand Bat,Slow Left arm Orthodox,Unknown,Sayed Iqbal Abdulla,Sayed Iqbal,No Image
15,Yuvraj Singh,Left hand Bat,Slow Left arm Orthodox,Unknown,Yuvraj Singh,Yuvraj Singh,No Image
74,Swapnil Singh,Right hand Bat,Slow Left arm Orthodox,Unknown,Swapnil Singh,Swapnil Singh,https://www.espncricinfo.com/cricketers/swapnil-singh-232292
760,MJ Guptill,Right hand Bat,Right arm Offbreak,Unknown,Martin James Guptill,Martin James,No Image
182,CH Morris,Right hand Bat,Right arm Fast medium,Unknown,Christopher Henry Morris,Christopher Henry,No Image
361,LH Ferguson,Right hand Bat,Right arm Fast,Unknown,Lachlan Hammond Ferguson,Lachlan Hammond,No Image
1285,HV Patel,Right hand Bat,Right arm Medium,Unknown,Harshal Vikram Patel,Harshal Vikram,https://ipl-stats-sports-mechanic.s3.ap-south-1.amazonaws.com/ipl/playerimages/Harshal%20Patel.png
1449,S Gopal,Right hand Bat,Legbreak,Unknown,Shreyas Gopal,Shreyas Gopal,https://www.espncricinfo.com/cricketers/shreyas-gopal-344580
405,KC Cariappa,Right hand Bat,Legbreak,Unknown,Konganda Charamanna Cariappa,Konganda Charamanna,No Image
196,Basil Thampi,Right hand Bat,Right arm Fast medium,Unknown,Basil Thampi,Basil Thampi,No Image
744,AR Bawne,Right hand Bat,Right arm Offbreak,Unknown,Ankit Ramdas Bawne,Ankit Ramdas,No Image
676,KV Sharma,Left hand Bat,Legbreak Googly,Unknown,Karn Vinod Sharma,Karn Vinod,No Image
171,Vishnu Vinod,Right hand Bat,Unknown,Wicketkeeper,Vishnu Vinod,Vishnu Vinod,https://www.espncricinfo.com/cricketers/vishnu-vinod-732293
332,V Kohli,Right hand Bat,Right arm Medium,Unknown,Virat Kohli,Virat Kohli,https://ipl-stats-sports-mechanic.s3.ap-south-1.amazonaws.com/ipl/playerimages/Virat%20Kohli.png
28,KH Pandya,Left hand Bat,Slow Left arm Orthodox,Unknown,Krunal Himanshu Pandya,Krunal Himanshu,No Image
448,AF Milne,Right hand Bat,Right arm Fast,Unknown,Adam Fraser Milne,Adam Fraser,No Image
20,B Kumar,Right hand Bat,Right arm Medium,Unknown,Bhuvneshwar Kumar Singh,Bhuvneshwar Kumar,https://ipl-stats-sports-mechanic.s3.ap-south-1.amazonaws.com/ipl/playerimages/Bhuvneshwar%20Kumar.png
347,Ishan Kishan,Left hand Bat,Unknown,Wicketkeeper,Ishan Pranav Kumar Pandey Kishan,Ishan Pranav,https://ipl-stats-sports-mechanic.s3.ap-south-1.amazonaws.com/ipl/playerimages/Ishan%20Kishan.png
65,SP Narine,Left hand Bat,Right arm Offbreak,Unknown,Sunil Philip Narine,Sunil Philip,No Image
359,Ankit Sharma,Left hand Bat,Slow Left arm Orthodox,Unknown,Ankit Nagendra Sharma,Ankit Nagendra,No Image
187,Z Khan,Right hand Bat,Left arm Fast medium,Unknown,Zaheer Khan,Zaheer Khan,No Image
185,A Mishra,Right hand Bat,Legbreak,Unknown,Amit Mishra,Amit Mishra,No Image
726,Ankit Soni,Right hand Bat,Legbreak,Unknown,Ankit Soni,Ankit Soni,No Image
197,Tejas Baroka,Right hand Bat,Legbreak Googly,Unknown,Tejas Baroka,Tejas Baroka,No Image
5,SR Watson,Right hand Bat,Right arm Fast medium,Unknown,Shane Robert Watson,Shane Robert,No Image
460,Mohammed Shami,Right hand Bat,Right arm Fast,Unknown,Mohammed Shami Ahmed,Mohammed Shami,https://ipl-stats-sports-mechanic.s3.ap-south-1.amazonaws.com/ipl/playerimages/Mohammad%20Shami.png
351,AJ Tye,Right hand Bat,Right arm Medium fast,Unknown,Andrew James Tye,Andrew James,https://ipl-stats-sports-mechanic.s3.ap-south-1.amazonaws.com/ipl/playerimages/Andrew%20Tye.png
1393,DJ Bravo,Right hand Bat,Right arm Medium,Unknown,Dwayne John Bravo,Dwayne John,https://ipl-stats-sports-mechanic.s3.ap-south-1.amazonaws.com/ipl/playerimages/Dwayne%20Bravo.png
177,AP Tare,Right hand Bat,Unknown,Wicketkeeper,Aditya Prakash Tare,Aditya Prakash,No Image
7539,B Indrajith,Right hand Bat,Legbreak Googly,Unknown,Baba Indrajith,Baba Indrajith,No Image
4063,T Banton,Right hand Bat,Unknown,Wicketkeeper,Tom Banton,Tom Banton,No Image
6115,K Yadav,Left hand Bat,Left arm Fast medium,Unknown,Kuldip Yadav,Kuldip Yadav,No Image
3649,AS Roy,Left hand Bat,Slow Left arm Orthodox,Unknown,Anukul Sudhakar Roy,Anukul Sudhakar,No Image
5407,M Shahrukh Khan,Right hand Bat,Right arm Offbreak,Unknown,Masood Shahrukh Khan,Masood Shahrukh,No Image
4960,MR Marsh,Right hand Bat,Right arm Medium,Unknown,Mitchell Ross Marsh,Mitchell Ross,No Image
6761,R Shepherd,Right hand Bat,Right arm Fast medium,Unknown,Romario Shepherd,Romario Shepherd,https://www.espncricinfo.com/cricketers/romario-shepherd-677077
8321,Rahmanullah Gurbaz,Right hand Bat,Unknown,Wicketkeeper,Rahmanullah Gurbaz,Rahmanullah Gurbaz,https://www.espncricinfo.com/cricketers/rahmanullah-gurbaz-974087
7751,SA Abbott,Right hand Bat,Right arm Fast medium,Unknown,Sean Anthony Abbott,Sean Anthony,No Image
7302,OC McCoy,Left hand Bat,Left arm Fast medium,Unknown,Obed  Christopher McCoy,Obed  Christopher,No Image
4970,P Dubey,Right hand Bat,Legbreak Googly,Unknown,Praveen Dubey,Praveen Dubey,No Image
8355,Mukesh Kumar,Right hand Bat,Right arm Medium,Unknown,Mukesh Kumar,Mukesh Kumar,https://www.espncricinfo.com/cricketers/mukesh-kumar-926851
3451,DW Steyn,Right hand Bat,Right arm Fast,Unknown,Dale Willem Steyn,Dale Willem,No Image
5411,RP Meredith,Right hand Bat,Right arm Fast,Unknown,Riley Patrick Meredith,Riley Patrick,No Image
4098,JO Holder,Right hand Bat,Right arm Medium fast,Unknown,Jason Omar Holder,Jason Omar,No Image
7895,R Sai Kishore,Left hand Bat,Slow Left arm Orthodox,Unknown,Ravisrinivasan Sai Kishore,Ravisrinivasan Sai,No Image
1805,RK Bhui,Right hand Bat,Legbreak Googly,Unknown,Ricky Kannakumar Bhui,Ricky Kannakumar,No Image
6054,AK Markram,Right hand Bat,Right arm Offbreak,Unknown,Aiden Kyle Markram,Aiden Kyle,No Image
6710,Akash Deep,Right hand Bat,Right arm Fast medium,Unknown,Akash Deep,Akash Deep,https://www.espncricinfo.com/cricketers/akash-deep-1176959
5976,KS Bharat,Right hand Bat,Unknown,Wicketkeeper,Kona Srikar Bharat,Kona Srikar,No Image
6681,Tilak Varma,Left hand Bat,Right arm Offbreak,Unknown,Namboori Thakur Tilak Varma,Namboori Thakur,No Image
4119,RD Gaikwad,Right hand Bat,Right arm Offbreak,Unknown,Ruturaj Dashrat Gaikwad,Ruturaj Dashrat,https://ipl-stats-sports-mechanic.s3.ap-south-1.amazonaws.com/ipl/playerimages/Ruturaj%20Gaikwad.png
6739,A Manohar,Right hand Bat,Legbreak Googly,Unknown,Abhinav Manohar,Abhinav Manohar,https://www.espncricinfo.com/cricketers/abhinav-manohar-778963
7843,Fazalhaq Farooqi,Right hand Bat,Left arm Fast medium,Unknown,Fazalhaq Farooqi,Fazalhaq Farooqi,https://www.espncricinfo.com/cricketers/fazalhaq-farooqi-974175
7083,KR Sen,Right hand Bat,Right arm Fast,Unknown,Kuldeep Rampal Sen,Kuldeep Rampal,No Image
3747,P Simran Singh,Right hand Bat,Unknown,Wicketkeeper,Prabhsimran Singh,Prabhsimran Singh,https://www.espncricinfo.com/cricketers/prabhsimran-singh-1161024
5343,M Jansen,Right hand Bat,Left arm Medium fast,Unknown,Marco Jansen,Marco Jansen,https://www.espncricinfo.com/cricketers/marco-jansen-696401
5629,FA Allen,Right hand Bat,Slow Left arm Orthodox,Unknown,Fabian Anthony Allen,Fabian Anthony,No Image
5935,Anuj Rawat,Left hand Bat,Unknown,Unknown,Anuj Rawat,Anuj Rawat,https://www.espncricinfo.com/cricketers/anuj-rawat-1123073
7017,M Theekshana,Right hand Bat,Right arm Offbreak,Unknown,Morawakage Maheesh Theekshana,Morawakage Maheesh,No Image
1833,JC Archer,Right hand Bat,Right arm Fast,Unknown,Jofra Chioke Archer,Jofra Chioke,No Image
2142,DJ Willey,Left hand Bat,Left arm Fast medium,Unknown,David Jonathan Willey,David Jonathan,No Image
1849,PP Shaw,Right hand Bat,Right arm Offbreak,Unknown,Prithvi Pankaj Shaw,Prithvi Pankaj,No Image
6017,Umran Malik,Right hand Bat,Right arm Fast,Unknown,Umran Malik,Umran Malik,No Image
2295,SP Goswami,Left hand Bat,Unknown,Wicketkeeper,Shreevats Pratyush Goswami,Shreevats Pratyush,No Image
3156,HF Gurney,Right hand Bat,Left arm Fast medium,Unknown,Harry Frederick Gurney,Harry Frederick,No Image
2743,CA Ingram,Left hand Bat,Legbreak,Wicketkeeper,Colin Alexander Ingram,Colin Alexander,No Image
6798,Mukesh Choudhary,Left hand Bat,Left arm Medium,Unknown,Mukesh Choudhary,Mukesh Choudhary,https://www.espncricinfo.com/cricketers/mukesh-choudhary-1125688
3214,SD Lad,Right hand Bat,Right arm Offbreak,Unknown,Siddhesh Dinesh Lad,Siddhesh Dinesh,No Image
8305,J Little,Right hand Bat,Left arm Fast medium,Unknown,Joshua Brian Little,Joshua Brian,No Image
8007,M Pathirana,Right hand Bat,Right arm Fast,Unknown,Matheesha Pathirana,Matheesha Pathirana,https://www.espncricinfo.com/cricketers/matheesha-pathirana-1194795
2701,S Dube,Left hand Bat,Right arm Medium,Unknown,Shivam Dube,Shivam Dube,https://www.espncricinfo.com/cricketers/shivam-dube-714451
3145,S Midhun,Right hand Bat,Legbreak Googly,Unknown,Sudhesan Midhun,Sudhesan Midhun,No Image
2353,CJ Dala,Right hand Bat,Right arm Medium,Unknown,Carl Junior Dala,Carl Junior,No Image
6729,PVD Chameera,Right hand Bat,Right arm Fast,Unknown,Pathira Vasan Dushmantha Chameera,Pathira Vasan,No Image
4097,PK Garg,Right hand Bat,Right arm Medium,Unknown,Priyam K Garg,Priyam K,No Image
7192,Aman Hakim Khan,Right hand Bat,Right arm Medium,Unknown,Aman Hakim Khan,Aman Hakim,No Image
6734,MS Wade,Left hand Bat,Right arm Medium,Wicketkeeper,Matthew Scott Wade,Matthew Scott,No Image
4310,Shahbaz Ahmed,Left hand Bat,Slow Left arm Orthodox,Unknown,Shahbaz Ahmed,Shahbaz Ahmed,No Image
4059,Ravi Bishnoi,Right hand Bat,Legbreak Googly,Unknown,Ravi Bishnoi,Ravi Bishnoi,https://www.espncricinfo.com/cricketers/ravi-bishnoi-1175441
4134,KL Nagarkoti,Right hand Bat,Right arm Fast,Unknown,Kamlesh Lachham Nagarkoti,Kamlesh Lachham,No Image
4320,DR Sams,Right hand Bat,Left arm Fast medium,Unknown,Daniel Richard Sams,Daniel Richard,No Image
7496,DJ Mitchell,Right hand Bat,Right arm Medium,Unknown,Daryl Joseph Mitchell,Daryl Joseph,No Image
5422,C Sakariya,Left hand Bat,Left arm Medium fast,Unknown,Chetan Sakariya,Chetan Sakariya,https://www.espncricinfo.com/cricketers/chetan-sakariya-1131754
2352,S Lamichhane,Right hand Bat,Legbreak Googly,Unknown,Sandeep Lamichhane,Sandeep Lamichhane,No Image
2910,GH Vihari,Right hand Bat,Right arm Offbreak,Unknown,Gade Hanuma Vihari,Gade Hanuma,No Image
8349,RR Rossouw,Left hand Bat,Right arm Offbreak,Unknown,Rilee Roscoe Rossouw,Rilee Roscoe,No Image
4664,JR Hazlewood,Left hand Bat,Right arm Fast medium,Unknown,Josh Reginald Hazlewood,Josh Reginald,No Image
8333,KR Mayers,Left hand Bat,Right arm Medium,Unknown,Kyle Rico Mayers,Kyle Rico,No Image
5573,LI Meriwala,Left hand Bat,Left arm Fast medium,Unknown,Lukman Iqbal Meriwala,Lukman Iqbal,No Image
2894,NS Naik,Right hand Bat,Unknown,Wicketkeeper,Nikhil Shankar Naik,Nikhil Shankar,No Image
8191,PN Mankad,Right hand Bat,Right arm Medium,Unknown,Prerak Nileshkumar Mankad,Prerak Nileshkumar,No Image
2349,Abhishek Sharma,Left hand Bat,Slow Left arm Orthodox,Unknown,Abhishek Sharma,Abhishek Sharma,https://ipl-stats-sports-mechanic.s3.ap-south-1.amazonaws.com/ipl/playerimages/Abhishek%20Sharma.png
7621,K Kartikeya,Right hand Bat,"Slow Left arm Orthodox, Left arm Wrist spin",Unknown,Kumar Kartikeya Singh,Kumar Kartikeya,No Image
6520,AU Rashid,Right hand Bat,Legbreak,Unknown,Adil Usman Rashid,Adil Usman,No Image
2825,CV Varun,Right hand Bat,Legbreak Googly,Unknown,Varun Chakravarthy Vinod,Varun Chakravarthy,No Image
4212,Kartik Tyagi,Right hand Bat,Right arm Fast,Unknown,Kartik Tyagi,Kartik Tyagi,No Image
4104,YBK Jaiswal,Left hand Bat,Legbreak,Unknown,Yashasvi Bhupendra Kumar Jaiswal,Yashasvi Bhupendra,No Image
6519,IC Porel,Right hand Bat,Right arm Medium,Unknown,Ishan Chandranath Porel,Ishan Chandranath,No Image
1740,H Klaasen,Right hand Bat,Right arm Offbreak,Wicketkeeper,Heinrich Klaasen,Heinrich Klaasen,https://www.espncricinfo.com/cricketers/heinrich-klaasen-436757
5526,Virat Singh,Left hand Bat,Legbreak Googly,Unknown,Virat Binod Singh,Virat Binod,No Image
5181,Monu Kumar,Right hand Bat,Right arm Medium,Unknown,Monu Kumar Singh,Monu Kumar,No Image
10135,N Burger,Left hand Bat,Left arm Fast medium,Unknown,Nandre Burger,Nandre Burger,No Image
10159,SH Johnson,Left hand Bat,Left arm Fast,Unknown,Spencer Johnson,Spencer Johnson,https://www.espncricinfo.com/cricketers/spencer-johnson-1123718
10070,Sameer Rizvi,Right hand Bat,Right arm Offbreak,Unknown,Sameer Rizvi,Sameer Rizvi,https://www.espncricinfo.com/cricketers/sameer-rizvi-1175489
10291,A Raghuvanshi,Right hand Bat,Slow Left arm Orthodox,Unknown,Angkrish Raghuvanshi,Angkrish Raghuvanshi,https://www.espncricinfo.com/cricketers/angkrish-raghuvanshi-1292495
11192,AA Kulkarni,Right hand Bat,Right arm Medium,Unknown,Arshin Kulkarni,Arshin Kulkarni,https://www.espncricinfo.com/cricketers/arshin-kulkarni-1403153
10169,SZ Mulani,Left hand Bat,Slow Left arm Orthodox,Unknown,Shams Mulani,Shams Mulani,No Image
11834,Prince Yadav,Right hand Bat,Right arm Fast,Unknown,Prince Yadav,Prince Yadav,https://www.espncricinfo.com/cricketers/prince-yadav-1350768
11212,RJ Gleeson,Right hand Bat,Right arm Fast Medium,Unknown,Richard Gleeson,Richard Gleeson,No Image
11282,MJ Suthar,Left hand Bat,Slow Left arm Orthodox,Unknown,Manav Suthar,Manav Suthar,https://www.espncricinfo.com/cricketers/manav-suthar-1175426
11366,A Kamboj,Right hand Bat,Right arm Medium,Unknown,Anshul Kamboj,Anshul Kamboj,https://www.espncricinfo.com/cricketers/anshul-kamboj-1175428
11429,V Kaverappa,Right hand Bat,Right arm Fast medium,Unknown,Vidhwath Kaverappa,Vidhwath Kaverappa,No Image
10232,KT Maphaka,Left hand Bat,Left arm Fast,Unknown,Kwena Maphaka,Kwena Maphaka,https://www.espncricinfo.com/cricketers/kwena-maphaka-1294342
8808,D Jansen,Right hand Bat,Left arm Fast,Unknown,Duan Jansen,Duan Jansen,No Image
10065,R Ravindra,Left hand Bat,Slow Left arm Orthodox,Unknown,Rachin Ravindra,Rachin Ravindra,https://www.espncricinfo.com/cricketers/rachin-ravindra-959767
8389,Arshad Khan,Left hand Bat,Left arm Medium,Unknown,Arshad Khan,Arshad Khan,No Image
10083,Sumit Kumar,Right hand Bat,Right arm Medium fast,Unknown,Sumit Kumar,Sumit Kumar,No Image
10488,Saurav Chauhan,Left hand Bat,Right arm Offbreak,Unknown,Saurav Chauhan,Saurav Chauhan,No Image
11981,DL Vettori,Left hand Bat,Slow Left arm Orthodox,Unknown,Daniel Luca Vettori,Daniel Luca,No Image
9759,Sanvir Singh,Right hand Bat,Right arm Medium,Unknown,Sanvir Singh,Sanvir Singh,No Image
8769,Yudhvir Singh,Right hand Bat,Right arm Medium fast,Unknown,Yudhvir Singh Charak,Yudhvir Singh,No Image
8930,Liton Das,Right hand Bat,Right arm Offbreak,Wicketkeeper,Litton Kumer Das,Litton Kumer,No Image
12015,WPUJC Vaas,Left hand Bat,Left arm Fast medium,Unknown,Warnakulasuriya Patabendige Ushantha Joseph Chaminda Vaas,Warnakulasuriya Patabendige,No Image
12013,AS Yadav,Right hand Bat,Right arm Offbreak,Unknown,Arjun Shivlal Yadav,Arjun Shivlal,No Image
12127,VRV Singh,Right hand Bat,Right arm Medium fast,Unknown,Vikram Raj Vir Singh,Vikram Raj,No Image
12016,RP Singh,Right hand Bat,Left arm Fast medium,Unknown,Rudra Pratap Singh,Rudra Pratap,"https://img1.hscicdn.com/image/upload/f_auto,t_ds_square_w_160/lsci/db/PICTURES/CMS/389100/389167.5.png"
11984,GD McGrath,Right hand Bat,Right arm Fast medium,Unknown,Glenn Donald McGrath,Glenn Donald,No Image
11982,MF Maharoof,Right hand Bat,Right arm Fast medium,Unknown,Mohamed Farveez Maharoof,Mohamed Farveez,No Image
12295,HH Gibbs,Right hand Bat,Right arm Bowler,Unknown,Herschelle Herman Gibbs,Herschelle Herman,No Image
11924,LR Shukla,Right hand Bat,Right arm Medium,Unknown,Laxmi Ratan Shukla,Laxmi Ratan,No Image
9524,Vivrant Sharma,Left hand Bat,Legbreak Googly,Unknown,Vivrant Sharma,Vivrant Sharma,No Image
8396,MG Bracewell,Left hand Bat,Right arm Offbreak,Wicketkeeper,Michael Gordon Bracewell,Michael Gordon,No Image
11926,AB Agarkar,Right hand Bat,Right arm Fast,Unknown,Ajit Bhalchandra Agarkar,Ajit Bhalchandra,No Image
12012,SB Styris,Right hand Bat,Right arm Medium,Unknown,Scott Bernard Styris,Scott Bernard,No Image
8890,Naveen-ul-Haq,Right hand Bat,Right arm Medium fast,Unknown,Naveen-ul-Haq Murid,Naveen-ul,No Image
12318,BJ Hodge,Right hand Bat,Right arm Offbreak,Unknown,Bradley John Hodge,Bradley John,No Image
11996,S Chanderpaul,Left hand Bat,Legbreak,Unknown,Shivnarine Chanderpaul,Shivnarine Chanderpaul,No Image
8433,Abishek Porel,Left hand Bat,Unknown,Wicketkeeper,Abishek Porel,Abishek Porel,https://www.espncricinfo.com/cricketers/abishek-porel-1277545
11963,T Kohli,Right hand Bat,Right arm Medium,Unknown,Taruwar Sushil Kohli,Taruwar Sushil,No Image
9824,Nithish Kumar Reddy,Right hand Bat,Right arm Medium fast,Unknown,Kaki Nitish Kumar Reddy,Kaki Nitish,No Image
11954,KC Sangakkara,Left hand Bat,Right arm Offbreak,Wicketkeeper,Kumar Chokshanada Sangakkara,Kumar Chokshanada,No Image
12056,Shahid Afridi,Right hand Bat,Legbreak Googly,Unknown,Sahibzada Mohammad Shahid Khan Afridi,Sahibzada Mohammad,No Image
12323,Umar Gul,Right hand Bat,Right arm Fast medium,Unknown,Umar Gul,Umar Gul,No Image
8475,Suyash Sharma,Right hand Bat,Legbreak Googly,Unknown,Suyash Sharma,Suyash Sharma,https://www.espncricinfo.com/cricketers/suyash-sharma-1350792
11949,P Amarnath,Right hand Bat,Right arm Medium,Unknown,Palani Amarnath,Palani Amarnath,No Image
8386,N Wadhera,Left hand Bat,Legbreak,Unknown,Nehal Wadhera,Nehal Wadhera,https://www.espncricinfo.com/cricketers/nehal-wadhera-1151273
12121,RR Sarwan,Right hand Bat,Legbreak,Unknown,Ramnaresh Ronnie Sarwan,Ramnaresh Ronnie,No Image
11993,MA Khote,Right hand Bat,Right arm Medium,Unknown,Musavir Asmat Khote,Musavir Asmat,No Image
11933,JH Kallis,Right hand Bat,Right arm Fast medium,Unknown,Jacques Henry Kallis,Jacques Henry,No Image
11983,B Geeves,Right hand Bat,Right arm Fast medium,Unknown,Brett Geeves,Brett Geeves,No Image
8605,Mohit Rathee,Right hand Bat,Legbreak,Unknown,Mohit Rathee,Mohit Rathee,https://www.espncricinfo.com/cricketers/mohit-rathee-1349361
9431,R Goyal,Left hand Bat,Left arm Wrist spin,Unknown,Raghav Goyal,Raghav Goyal,No Image
10707,Arshad Khan (2),Left hand Bat,Left arm Medium,Unknown,Mohd Arshad Khan,Mohd Arshad,No Image
8470,Dhruv Jurel,Right hand Bat,Unknown,Unknown,Dhruv Chand Jurel,Dhruv Chand,No Image
11952,K Goel,Left hand Bat,Right arm Offbreak,Unknown,Karan Goel,Karan Goel,No Image
8569,SSB Magala,Right hand Bat,Right arm Fast medium,Unknown,Sisanda Somila Bruce Magala,Sisanda Somila,No Image
11947,S Badrinath,Right hand Bat,Right arm Offbreak,Unknown,Subramaniam Badrinath,Subramaniam Badrinath,No Image
12071,VY Mahesh,Right hand Bat,Right arm Medium fast,Unknown,Vijaykumar Yo Mahesh,Vijaykumar Yo,No Image
11958,P Dharmani,Right hand Bat,Unknown,Wicketkeeper,Pankaj Dharmani,Pankaj Dharmani,No Image
11923,Mohammad Hafeez,Right hand Bat,Right arm Offbreak,Unknown,Mohammad Hafeez,Mohammad Hafeez,No Image
11946,JDP Oram,Left hand Bat,Right arm Fast medium,Unknown,Jacob David Philip Oram,Jacob David,No Image
12105,D Kalyankrishna,Right hand Bat,Right arm Medium fast,Unknown,Doddapaneni Kalyankrishna,Doddapaneni Kalyankrishna,No Image
11986,ST Jayasuriya,Left hand Bat,Slow Left arm Orthodox,Unknown,Sanath Teran Jayasuriya,Sanath Teran,"https://img1.hscicdn.com/image/upload/f_auto,t_ds_w_1280,q_80/lsci/db/PICTURES/CMS/319800/319886.png"
11989,PR Shah,Right hand Bat,Unknown,Wicketkeeper,Pinal Rohitbhai Shah,Pinal Rohitbhai,No Image
8597,MW Short,Right hand Bat,Right arm Offbreak,Unknown,Matthew William Short,Matthew William,No Image
11980,M Manhas,Right hand Bat,Right arm Offbreak,Wicketkeeper,Mithun Manhas,Mithun Manhas,No Image
11959,B Lee,Right hand Bat,Right arm Fast,Unknown,Brett Lee,Brett Lee,No Image
11921,RT Ponting,Right hand Bat,Right arm Medium,Unknown,Ricky Thomas Ponting,Ricky Thomas,No Image
11922,DJ Hussey,Right hand Bat,Right arm Offbreak,Unknown,David John Hussey,David John,No Image
12572,NK Patel,Left hand Bat,NULL,Unknown,Niraj Kanubhai Patel,Niraj Kanubhai,No Image
12338,SP Fleming,Left hand Bat,Unknown,Unknown,Stephen Paul Fleming,Stephen Paul,No Image
16455,TR Birt,Left hand Bat,Right arm Medium,Occasional Wicketkeeper,Travis Rodney Birt,Travis Rodney,No Image
16953,AA Kazi,Left hand Bat,Slow Left arm Orthodox,Unknown,Abrar Anjum Kazi,Abrar Anjum,No Image
14798,J Theron,Right hand Bat,Right arm Medium fast,Unknown,Juan Theron,Juan Theron,No Image
34126,SS Mundhe,Right hand Bat,Right arm Medium,Unknown,Shrikant Shrihari Mundhe,Shrikant Shrihari,No Image
15862,Sunny Singh,Right hand Bat,Right arm Medium fast,Unknown,Sunny Singh,Sunny Singh,No Image
13301,R Bishnoi,Right hand Bat,Right arm Medium fast,Unknown,Rajesh Bishnoi,Rajesh Bishnoi,No Image
13388,AS Raut,Right hand Bat,Legbreak Googly,Unknown,Abhishek Santosh Raut,Abhishek Santosh,No Image
14765,R Sharma,Right hand Bat,Legbreak Googly,Unknown,Rahul Sharma,Rahul Sharma,No Image
15334,RS Sodhi,Right hand Bat,Right arm Medium,Unknown,Reetinder Singh Sodhi,Reetinder Singh,No Image
14648,MJ Lumb,Left hand Bat,Right arm Medium,Unknown,Michael John Lumb,Michael John,No Image
34959,LJ Wright,Right hand Bat,Right arm Medium,Unknown,Luke James Wright,Luke James,No Image
14476,R Sathish,Right hand Bat,Right arm Medium,Unknown,Rajagopal Sathish,Rajagopal Sathish,No Image
12372,Misbah-ul-Haq,Right hand Bat,Legbreak,Unknown,Misbah-ul-Haq Khan Niazi,Misbah-ul,No Image
14464,OA Shah,Right hand Bat,Right arm Offbreak,Unknown,Owais Alam Shah,Owais Alam,No Image
13248,AM Salvi,Right hand Bat,Right arm Medium,Unknown,Aavishkar Madhav Salvi,Aavishkar Madhav,No Image
13016,A Nel,Right hand Bat,Right arm Fast medium,Unknown,Andre Nel,Andre Nel,No Image
16380,NL McCullum,Right hand Bat,Right arm Offbreak,Unknown,Nathan Leslie McCullum,Nathan Leslie,No Image
34811,N Saini,Right hand Bat,Unknown,Wicketkeeper,Nitin Saini,Nitin Saini,No Image
15261,AN Ahmed,Right hand Bat,Right arm Medium fast,Unknown,Abu Nechim Ahmed,Abu Nechim,No Image
16743,I Malhotra,Right hand Bat,Right arm Medium fast,Unknown,Ishan Malhotra,Ishan Malhotra,No Image
14757,MD Mishra,Right hand Bat,Right arm Offbreak,Unknown,Mohnish Dinesh Mishra,Mohnish Dinesh,No Image
34983,RJ Peterson,Left hand Bat,Slow Left arm Orthodox,Unknown,Robin John Peterson,Robin John,No Image
14463,CA Pujara,Right hand Bat,Legbreak,Unknown,Cheteshwar Arvind Pujara,Cheteshwar Arvind,No Image
14489,A Uniyal,Left hand Bat,Left arm Medium,Unknown,Amit Uniyal,Amit Uniyal,No Image
13651,GR Napier,Right hand Bat,Right arm Medium,Unknown,Graham Richard Napier,Graham Richard,No Image
14136,J Botha,Right hand Bat,Right arm Offbreak,Unknown,Johan Botha,Johan Botha,No Image
13227,Kamran Khan,Left hand Bat,Left arm Medium fast,Unknown,Kamran Khan,Kamran Khan,No Image
12454,U Kaul,Left hand Bat,Unknown,Wicketkeeper,Uday Kaul,Uday Kaul,No Image
13620,S Tyagi,Right hand Bat,Right arm Medium,Unknown,Sudeep Tyagi,Sudeep Tyagi,No Image
16276,BJ Haddin,Right hand Bat,Unknown,Wicketkeeper,Bradley James Haddin,Bradley James,No Image
12518,CK Kapugedera,Right hand Bat,Right arm Medium,Occasional Wicketkeeper,Chamara Kantha Kapugedera,Chamara Kantha,No Image
12471,S Anirudha,Right hand Bat,Unknown,Unknown,Srikkanth Anirudha,Srikkanth Anirudha,No Image
13384,RJ Quiney,Left hand Bat,Right arm Medium,Unknown,Robert John Quiney,Robert John,No Image
13260,YA Abdulla,Left hand Bat,Left arm Fast medium,Unknown,Yusuf Adam Abdulla,Yusuf Adam,No Image
12650,TM Dilshan,Right hand Bat,Right arm Offbreak,Wicketkeeper,Tillakaratne Mudiyanselage Dilshan,Tillakaratne Mudiyanselage,No Image
13551,MN van Wyk,Right hand Bat,Slow Left arm Orthodox,Wicketkeeper,Morne Nico van Wyk,Morne Nico,No Image
14206,SS Shaikh,Right hand Bat,Right arm Medium,Unknown,Shoaib Shabbir Shaikh,Shoaib Shabbir,No Image
15878,AC Thomas,Right hand Bat,Right arm Fast medium,Unknown,Alfonso Clive Thomas,Alfonso Clive,No Image
15003,PD Collingwood,Right hand Bat,Right arm Medium,Unknown,Paul David Collingwood,Paul David,No Image
15239,AP Dole,Right hand Bat,Right arm Medium fast,Unknown,Aditya Pradip Dole,Aditya Pradip,No Image
14216,Jaskaran Singh,Right hand Bat,Right arm Medium,Unknown,Jaskaran Singh Buttar,Jaskaran Singh,No Image
12850,H Das,Right hand Bat,Unknown,Wicketkeeper,Halhadar Das,Halhadar Das,No Image
33972,AA Chavan,Left hand Bat,Slow Left arm Orthodox,Unknown,Ankeet Anil Chavan,Ankeet Anil,No Image
13986,A Mithun,Right hand Bat,Right arm Medium,Unknown,Abhimanyu Mithun,Abhimanyu Mithun,No Image
12339,S Vidyut,Left hand Bat,Slow Left arm Orthodox,Unknown,Vidyut Sivaramakrishnan,Vidyut Sivaramakrishnan,No Image
15851,JEC Franklin,Left hand Bat,Left arm Medium,Unknown,James Edward Charles Franklin,James Edward,No Image
13508,AN Ghosh,Right hand Bat,Right arm Medium,Unknown,Arindam Nanigopal Ghosh,Arindam Nanigopal,No Image
12422,RR Raje,Right hand Bat,Right arm Fast medium,Unknown,Rohan Ravindra Raje,Rohan Ravindra,No Image
14008,SS Sarkar,Right hand Bat,Right arm Medium,Unknown,Sourav Subrata Sarkar,Sourav Subrata,No Image
15896,RN ten Doeschate,Right hand Bat,Right arm Medium fast,Unknown,Ryan Neil ten Doeschate,Ryan Neil,No Image
15140,DE Bollinger,Left hand Bat,Left arm Fast medium,Unknown,Douglas Erwin Bollinger,Douglas Erwin,No Image
14567,S Ladda,Right hand Bat,Legbreak,Unknown,Sarabjit Ladda,Sarabjit Ladda,No Image
16249,DH Yagnik,Left hand Bat,Unknown,Unknown,Dishant Harendra Yagnik,Dishant Harendra,No Image
13245,DP Nannes,Right hand Bat,Left arm Fast,Unknown,Dirk Peter Nannes,Dirk Peter,No Image
13810,A Singh,Right hand Bat,Right arm Medium fast,Unknown,Amit Singh,Amit Singh,No Image
34392,TP Sudhindra,Left hand Bat,Right arm Fast,Unknown,Taduri Prakash Chandra Sudhindra,Taduri Prakash,No Image
15779,S Randiv,Right hand Bat,Right arm Offbreak,Unknown,Hewa Kaluhalamullage Suraj Randiv Kaluhalamulla,Hewa Kaluhalamullage,No Image
13383,PC Valthaty,Right hand Bat,Right arm Medium,Unknown,Paul Chandrashekar Valthaty,Paul Chandrashekar,No Image
34554,P Awana,Right hand Bat,Right arm Medium,Unknown,Parvinder Awana,Parvinder Awana,No Image
12710,Shoaib Akhtar,Right hand Bat,Right arm Fast,Unknown,Shoaib Akhtar,Shoaib Akhtar,No Image
34530,RR Bhatkal,Right hand Bat,Right arm Medium,Unknown,Raju Ravi Bhatkal,Raju Ravi,No Image
34343,KK Cooper,Right hand Bat,Right arm Medium,Unknown,Kevon Keston Cooper,Kevon Keston,No Image
12661,AD Mascarenhas,Right hand Bat,Right arm Fast medium,Unknown,Adrian Dimitri Mascarenhas,Adrian Dimitri,No Image
14541,JM Kemp,Right hand Bat,Right arm Fast medium,Unknown,Justin Miles Kemp,Justin Miles,No Image
12362,LPC Silva,Right hand Bat,Legbreak,Unknown,Lindamlilage Prageeth Chamara Silva,Lindamlilage Prageeth,No Image
12580,SR Tendulkar,Right hand Bat,"Right arm Offbreak, Legbreak Googly",Unknown,Sachin Ramesh Tendulkar,Sachin Ramesh,"https://img1.hscicdn.com/image/upload/f_auto,t_ds_square_w_320,q_50/lsci/db/PICTURES/CMS/316400/316486.6.png"
13785,RJ Harris,Right hand Bat,Right arm Fast,Unknown,Ryan James Harris,Ryan James,No Image
15339,L Ablish,Right hand Bat,Right arm Medium fast,Unknown,Love Ablish,Love Ablish,No Image
15384,S Sriram,Left hand Bat,Slow Left arm Orthodox,Unknown,Sridharan Sriram,Sridharan Sriram,No Image
14201,Mashrafe Mortaza,Right hand Bat,Right arm Fast medium,Unknown,Mashrafe Bin Mortaza,Mashrafe Bin,No Image
14492,SW Tait,Right hand Bat,Right arm Fast,Unknown,Shaun William Tait,Shaun William,No Image
6657,DP Conway,Left hand Bat,Right arm Medium,Occasional Wicketkeeper,Devon Philip Conway,Devon Philip,No Image
8383,C Green,Right hand Bat,Right arm Fast medium,Unknown,Cameron Donald Green,Cameron Donald,No Image
13258,VS Malik,Right hand Bat,Right arm Medium,Unknown,Vikramjeet Singh Malik,Vikramjeet Singh,No Image
4339,N Jagadeesan,Right hand Bat,Unknown,Wicketkeeper,Narayan Jagadeesan,Narayan Jagadeesan,No Image
76,Sandeep Sharma,Right hand Bat,Right arm Medium,Unknown,Sandeep Sharma,Sandeep Sharma,https://www.espncricinfo.com/cricketers/sandeep-sharma-438362
14279,Y Nagar,Right hand Bat,Right arm Offbreak,Unknown,Yogesh Nagar,Yogesh Nagar,No Image
1314,IR Jaggi,Right hand Bat,Legbreak Googly,Unknown,Ishank Rajiv Jaggi,Ishank Rajiv,No Image
44,Imran Tahir,Right hand Bat,Legbreak Googly,Unknown,Mohammad Imran Tahir,Mohammad Imran,No Image
900,PJ Sangwan,Right hand Bat,Left arm Medium,Unknown,Pradeep Jaibeer Sangwan,Pradeep Jaibeer,No Image
11943,MEK Hussey,Left hand Bat,Right arm Medium,Unknown,Michael Edward Killeen Hussey,Michael Edward,"https://img1.hscicdn.com/image/upload/f_auto,t_ds_square_w_320,q_50/lsci/db/PICTURES/CMS/319700/319708.1.png"
2024,L Ngidi,Right hand Bat,Right arm Fast medium,Unknown,Lungisani True-man Ngidi,Lungisani True,No Image
11991,SM Pollock,Right hand Bat,Right arm Fast medium,Unknown,Shaun Maclean Pollock,Shaun Maclean,No Image
35966,MDKJ Perera,Left hand Bat,Unknown,Wicketkeeper,Mathurage Don Kusal Janith Perera,Mathurage Don,No Image
8748,Vijaykumar Vyshak,Right hand Bat,Right arm Medium,Unknown,Vijaykumar Vyshak,Vijaykumar Vyshak,No Image
38647,JW Hastings,Right hand Bat,Right arm Fast medium,Unknown,John Wayne Hastings,John Wayne,No Image
7546,Harshit Rana,Right hand Bat,Right arm Fast,Unknown,Harshit Pradeep Rana,Harshit Pradeep,No Image
8098,A Tomar,Right hand Bat,Right arm Offbreak,Unknown,Abhijeet Tomar,Abhijeet Tomar,No Image
1327,CJ Jordan,Right hand Bat,Right arm Fast medium,Unknown,Christopher James Jordan,Christopher James,No Image
2315,P Chopra,Right hand Bat,Legbreak Googly,Occasional Wicketkeeper,Prashant Chopra,Prashant Chopra,No Image
11971,SK Warne,Right hand Bat,Legbreak Googly,Unknown,Shane Keith Warne,Shane Keith,No Image
16693,AC Blizzard,Left hand Bat,Left arm Medium,Unknown,Aiden Craig Blizzard,Aiden Craig,No Image
36610,DJG Sammy,Right hand Bat,Right arm Medium,Unknown,Daren Julius Garvey Sammy,Daren Julius,No Image
49,KD Karthik,Right hand Bat,Right arm Offbreak,Wicketkeeper,Krishnakumar Dinesh Karthik,Krishnakumar Dinesh,No Image
176,B Stanlake,Left hand Bat,Right arm Fast,Unknown,Billy James Stanlake,Billy James,No Image
10109,MA Starc,Left hand Bat,Left arm Fast,Unknown,Mitchell Aaron Starc,Mitchell Aaron,No Image
11940,SB Joshi,Left hand Bat,Slow Left arm Orthodox,Unknown,Sunil Bandacharya Joshi,Sunil Bandacharya,No Image
12746,Younis Khan,Right hand Bat,"Right arm Medium, Legbreak",Unknown,Mohammad Younis Khan,Mohammad Younis,No Image
40242,P Sahu,Right hand Bat,Legbreak Googly,Unknown,Pardeep Sahu,Pardeep Sahu,No Image
418,MM Patel,Right hand Bat,Right arm Medium fast,Unknown,Munaf Musa Patel,Munaf Musa,No Image
12252,DB Das,Right hand Bat,Legbreak Googly,Unknown,Debabrata Baidya Das,Debabrata Baidya,No Image
6287,RV Patel,Right hand Bat,Right arm Medium fast,Unknown,Ripal Vinubhai Patel,Ripal Vinubhai,No Image
12539,T Taibu,Right hand Bat,Right arm Medium,Wicketkeeper,Tatenda Taibu,Tatenda Taibu,No Image
34697,CJ McKay,Right hand Bat,Right arm Fast medium,Unknown,Clinton James McKay,Clinton James,No Image
14360,RA Shaikh,Left hand Bat,Left arm Medium,Unknown,Rahil Akhil Ahmed Shaikh,Rahil Akhil,No Image
2188,M Prasidh Krishna,Right hand Bat,Right arm Fast medium,Unknown,Muralikrishna Prasidh Krishna,Muralikrishna Prasidh,https://ipl-stats-sports-mechanic.s3.ap-south-1.amazonaws.com/ipl/playerimages/Prasidh%20Krishna.png
6047,GHS Garton,Left hand Bat,Left arm Fast,Unknown,George Henry Simmons Garton,George Henry,No Image
54,DS Kulkarni,Right hand Bat,Right arm Medium,Unknown,Dhawal Sunil Kulkarni,Dhawal Sunil,No Image
69,WP Saha,Right hand Bat,Unknown,Wicketkeeper,Wriddhiman Prasanta Saha,Wriddhiman Prasanta,No Image
42,A Zampa,Right hand Bat,Legbreak Googly,Unknown,Adam Zampa,Adam Zampa,https://www.espncricinfo.com/cricketers/adam-zampa-379504
40725,PSP Handscomb,Right hand Bat,Unknown,Wicketkeeper,Peter Stephen Patrick Handscomb,Peter Stephen,No Image
8295,RS Hangargekar,Right hand Bat,Right arm Fast medium,Unknown,Rajvardhan S Hangargekar,Rajvardhan S,No Image
67,HM Amla,Right hand Bat,"Right arm Medium, Right arm Offbreak",Unknown,Hashim Mahomed Amla,Hashim Mahomed,No Image
25,RG Sharma,Right hand Bat,Right arm Offbreak,Unknown,Rohit Gurunath Sharma,Rohit Gurunath,No Image
11972,SK Trivedi,Right hand Bat,Right arm Medium,Unknown,Siddharth Kishorkumar Trivedi,Siddharth Kishorkumar,No Image
13595,TL Suman,Right hand Bat,Right arm Offbreak,Unknown,Tirumalasetti Laxminarayana Suman,Tirumalasetti Laxminarayana,No Image
34774,A Ashish Reddy,Right hand Bat,Right arm Medium,Unknown,Ammana Ashish Reddy,Ammana Ashish,No Image
12238,B Chipli,Right hand Bat,Right arm Medium,Unknown,Bharat Chipli,Bharat Chipli,No Image
14653,S Narwal,Left hand Bat,Right arm Medium,Unknown,Sumit Narwal,Sumit Narwal,No Image
12204,SD Chitnis,Right hand Bat,Right arm Offbreak,Unknown,Siddharth Dilip Chitnis,Siddharth Dilip,No Image
35864,Sunny Gupta,Right hand Bat,Right arm Offbreak,Unknown,Sunny Gupta,Sunny Gupta,No Image
31,TG Southee,Right hand Bat,Right arm Medium fast,Unknown,Timothy Grant Southee,Timothy Grant,No Image
17,BCJ Cutting,Right hand Bat,Right arm Fast medium,Unknown,Benjamin Colin James Cutting,Benjamin Colin,No Image
38548,BE Hendricks,Left hand Bat,Left arm Fast medium,Unknown,Beuran Eric Hendricks,Beuran Eric,No Image
13083,BAW Mendis,Right hand Bat,Right arm Offbreak,Unknown,Balapuwaduge Ajantha Winslow Mendis,Balapuwaduge Ajantha,No Image
12327,SA Asnodkar,Right hand Bat,Right arm Offbreak,Unknown,Swapnil Ashok Asnodkar,Swapnil Ashok,No Image
11970,D Salunkhe,Right hand Bat,Legbreak,Unknown,Dinesh Salunkhe,Dinesh Salunkhe,No Image
11966,M Kaif,Right hand Bat,Right arm Offbreak,Unknown,Mohammad Kaif,Mohammad Kaif,No Image
36536,IC Pandey,Right hand Bat,Right arm Medium,Unknown,Ishwar Chand Pandey,Ishwar Chand,No Image
14487,P Dogra,Right hand Bat,Legbreak,Unknown,Paras Dogra,Paras Dogra,No Image
13692,LA Carseldine,Left hand Bat,Left arm Medium,Unknown,Lee Andrew Carseldine,Lee Andrew,No Image
19,Bipul Sharma,Left hand Bat,Slow Left arm Orthodox,Unknown,Bipul Sharma,Bipul Sharma,No Image
4170,JR Philippe,Right hand Bat,Unknown,Wicketkeeper,Joshua Ryan Philippe,Joshua Ryan,No Image
16199,TD Paine,Right hand Bat,Right arm Medium,Wicketkeeper,Timothy David Paine,Timothy David,No Image
11937,AA Noffke,Right hand Bat,Right arm Fast medium,Unknown,Ashley Allan Noffke,Ashley Allan,No Image
12041,Kamran Akmal,Right hand Bat,Unknown,Wicketkeeper,Kamran Akmal,Kamran Akmal,No Image
36311,BJ Rohrer,Left hand Bat,Unknown,Occasional Wicketkeeper,Ben James Rohrer,Ben James,No Image
36555,CM Gautam,Right hand Bat,Unknown,Wicketkeeper,Chidhambaram Muralidharen Gautam,Chidhambaram Muralidharen,No Image
41020,F Behardien,Right hand Bat,Right arm Fast medium,Unknown,Farhaan Behardien,Farhaan Behardien,No Image
37031,PV Tambe,Right hand Bat,Legbreak,Unknown,Pravin Vijay Tambe,Pravin Vijay,No Image
35892,MC Juneja,Right hand Bat,Right arm Offbreak,Unknown,Manprit Charanjit Juneja,Manprit Charanjit,No Image
41286,ER Dwivedi,Right hand Bat,Unknown,Wicketkeeper,Eklavya Rakesh Dwivedi,Eklavya Rakesh,No Image
35459,K Upadhyay,Right hand Bat,Right arm Medium,Unknown,Krishnakant Upadhyay,Krishnakant Upadhyay,No Image
37347,MG Neser,Right hand Bat,Right arm Medium fast,Unknown,Michael Gertges Neser,Michael Gertges,No Image
40895,UT Khawaja,Left hand Bat,Right arm Medium,Unknown,Usman Tariq Khawaja,Usman Tariq,No Image
40385,KJ Abbott,Right hand Bat,Right arm Fast medium,Unknown,Kyle John Abbott,Kyle John,No Image
38924,DJ Muthuswami,Right hand Bat,Right arm Medium,Unknown,Domnic Joseph Muthuswami,Domnic Joseph,No Image
6360,Anmolpreet Singh,Right hand Bat,Right arm Offbreak,Unknown,Anmolpreet Singh,Anmolpreet Singh,No Image
3011,JP Behrendorff,Right hand Bat,Left arm Fast medium,Unknown,Jason Paul Behrendorff,Jason Paul,No Image
27,AT Rayudu,Right hand Bat,Right arm Offbreak,Occasional Wicketkeeper,Ambati Thirupathi Rayudu,Ambati Thirupathi,No Image
1437,AD Russell,Right hand Bat,Right arm Fast,Unknown,Andre Dwayne Russell,Andre Dwayne,https://ipl-stats-sports-mechanic.s3.ap-south-1.amazonaws.com/ipl/playerimages/Andre%20Russell.png
34601,V Pratap Singh,Right hand Bat,Right arm Medium,Unknown,Veer Pratap Singh,Veer Pratap,No Image
1856,LE Plunkett,Right hand Bat,Right arm Fast,Unknown,Liam Edward Plunkett,Liam Edward,No Image
13563,RE van der Merwe,Right hand Bat,Slow Left arm Orthodox,Unknown,Roelof Erasmus van der Merwe,Roelof Erasmus,No Image
58,RV Uthappa,Right hand Bat,Right arm Medium,Occasional Wicketkeeper,Robin Venu Uthappa,Robin Venu,https://ipl-stats-sports-mechanic.s3.ap-south-1.amazonaws.com/ipl/playerimages/Robin%20Uthappa.png
8945,PD Salt,Right hand Bat,Right arm Offbreak,Wicketkeeper,Philip Dean Salt,Philip Dean,No Image
293,V Shankar,Right hand Bat,Right arm Medium,Unknown,Vijay Shankar,Vijay Shankar,https://www.espncricinfo.com/cricketers/vijay-shankar-477021
37595,NJ Maddinson,Left hand Bat,Slow Left arm Orthodox,Unknown,Nicolas James Maddinson,Nicolas James,No Image
11934,CL White,Right hand Bat,Legbreak Googly,Unknown,Cameron Leon White,Cameron Leon,No Image
11969,M Rawat,Right hand Bat,Unknown,Wicketkeeper,Mahesh Rawat,Mahesh Rawat,No Image
9181,Gurnoor Brar,Left hand Bat,Right arm Fast,Unknown,Gurnoor Brar,Gurnoor Brar,No Image
46,BB McCullum,Right hand Bat,"Right arm Medium, Right arm Offbreak",Wicketkeeper,Brendon Barrie McCullum,Brendon Barrie,No Image
13863,M Morkel,Left hand Bat,Right arm Fast,Unknown,Morne Morkel,Morne Morkel,https://scores.iplt20.com/ipl/images/default-player-statsImage.png
7902,KS Sharma,Right hand Bat,Right arm Offbreak,Unknown,Karan Sunny Sharma,Karan Sunny,No Image
16648,P Parameswaran,Right hand Bat,Left arm Medium,Unknown,Prasanth Parameswaran,Prasanth Parameswaran,No Image
33961,P Prasanth,Left hand Bat,Slow Left arm Orthodox,Unknown,Padmanabhan Prasanth,Padmanabhan Prasanth,No Image
5473,Lalit Yadav,Right hand Bat,Right arm Offbreak,Unknown,Lalit Yadav,Lalit Yadav,No Image
16,DJ Hooda,Right hand Bat,Right arm Offbreak,Unknown,Deepak Jagbir Hooda,Deepak Jagbir,No Image
1990,IS Sodhi,Right hand Bat,Legbreak,Unknown,Inderbir Singh Sodhi,Inderbir Singh,No Image
494,BB Sran,Left hand Bat,Left arm Medium,Unknown,Barinder Balbirsingh Sran,Barinder Balbirsingh,No Image
34382,DJ Harris,Right hand Bat,Right arm Medium,Unknown,Daniel Joseph Harris,Daniel Joseph,No Image
3518,Y Prithvi Raj,Left hand Bat,Left arm Medium,Unknown,Prithvi Raj Yarra,Prithvi Raj,No Image
1964,JP Duminy,Left hand Bat,Right arm Offbreak,Unknown,Jean-Paul Duminy,Jean-Paul,No Image
15866,NJ Rimmington,Right hand Bat,Right arm Fast medium,Unknown,Nathan John Rimmington,Nathan John,No Image
21,A Nehra,Right hand Bat,Left arm Medium fast,Unknown,Ashish Nehra,Ashish Nehra,No Image
3495,Harpreet Brar,Left hand Bat,Slow Left arm Orthodox,Unknown,Harpreet Brar,Harpreet Brar,https://www.espncricinfo.com/cricketers/harpreet-brar-1168641
6033,GD Phillips,Right hand Bat,Right arm Offbreak,Wicketkeeper,Glenn Dominic Phillips,Glenn Dominic,No Image
181,RR Pant,Left hand Bat,Unknown,Wicketkeeper,Rishabh Rajendra Pant,Rishabh Rajendra,https://ipl-stats-sports-mechanic.s3.ap-south-1.amazonaws.com/ipl/playerimages/Rishabh%20Pant.png
15829,AUK Pathan,Right hand Bat,Right arm Medium,Unknown,Asad Ullah Khan Pathan,Asad Ullah,No Image
5562,Jalaj S Saxena,Right hand Bat,"Right arm Offbreak, Legbreak Googly",Unknown,Jalaj Sahai Saxena,Jalaj Sahai,No Image
3230,R Parag,Right hand Bat,Legbreak,Unknown,Riyan Parag,Riyan Parag,https://www.espncricinfo.com/cricketers/riyan-parag-1079434
183,CR Brathwaite,Right hand Bat,Right arm Fast medium,Unknown,Carlos Ricardo Brathwaite,Carlos Ricardo,No Image
4406,AT Carey,Left hand Bat,Unknown,Wicketkeeper,Alex Tyson Carey,Alex Tyson,No Image
11967,DS Lehmann,Left hand Bat,Slow Left arm Orthodox,Unknown,Darren Scott Lehmann,Darren Scott,No Image
7134,SS Prabhudessai,Right hand Bat,Right arm Medium,Unknown,Suyash S Prabhudessai,Suyash S,No Image
10939,N Thushara,Right hand Bat,Right arm Medium fast,Unknown,Nuwan Thushara,Nuwan Thushara,https://www.espncricinfo.com/cricketers/nuwan-thushara-955235
11068,LB Williams,Left hand Bat,Right arm Medium fast,Unknown,Lizaad Buyron Williams,Lizaad Buyron,No Image
10163,Naman Dhir,Right hand Bat,Right arm Offbreak,Unknown,Naman Dhir,Naman Dhir,https://www.espncricinfo.com/cricketers/naman-dhir-1287032
11376,Gulbadin Naib,Right hand Bat,Right arm Medium fast,Unknown,Gulbadin Naib,Gulbadin Naib,No Image
11781,Aniket Verma,Right hand Bat,Right arm Medium fast,Unknown,Aniket Verma,Aniket Verma,https://www.espncricinfo.com/cricketers/aniket-verma-1409976
10690,Tanush Kotian,Right hand Bat,Right arm Offbreak,Unknown,Tanush Kotian,Tanush Kotian,No Image
11847,Priyansh Arya,Left hand Bat,Right arm Offbreak,Unknown,Priyansh Arya,Priyansh Arya,https://www.espncricinfo.com/cricketers/priyansh-arya-1175456
11854,Suryansh Shedge,Right hand Bat,Right arm Medium fast,Unknown,Suryansh Shedge,Suryansh Shedge,https://www.espncricinfo.com/cricketers/suryansh-shedge-1339698
10078,SD Hope,Right hand Bat,NULL,Wicketkeeper,Shai Diego Hope,Shai Diego,No Image
10160,L Wood,Left hand Bat,Left arm Fast medium,Unknown,Luke Wood,Luke Wood,No Image
10168,G Coetzee,Right hand Bat,Right arm Fast,Unknown,Gerald Coetzee,Gerald Coetzee,https://www.espncricinfo.com/cricketers/gerald-coetzee-596010
10604,KA Maharaj,Right hand Bat,Slow Left arm Orthodox,Unknown,Keshav Athmanand Maharaj,Keshav Athmanand,No Image
10630,WG Jacks,Right hand Bat,Right arm Offbreak,Unknown,William George Jacks,William George,No Image
10667,J Fraser-McGurk,Right hand Bat,Legbreak Googly,Unknown,Jake Fraser-McGurk,Jake Fraser,No Image
11805,R Minz,Left hand Bat,Slow Left arm Orthodox,Unknown,Robin Minz,Robin Minz,https://www.espncricinfo.com/cricketers/robin-minz-1350762
10382,SB Dubey,Left hand Bat,Right arm Offbreak,Unknown,Shubham Badriprasad Dubey,Shubham Badriprasad,No Image
10710,S Joseph,Left hand Bat,Right arm Fast,Unknown,Shamar Joseph,Shamar Joseph,https://www.espncricinfo.com/cricketers/shamar-joseph-1356971
11389,D Ferreira,Right hand Bat,Right arm Offbreak,Wicketkeeper,Donovan Ferreira,Donovan Ferreira,https://www.espncricinfo.com/cricketers/donovan-ferreira-698315
11416,V Viyaskanth,Right hand Bat,Legbreak,Unknown,Vijayakanth Viyaskanth,Vijayakanth Viyaskanth,No Image
11799,V Puthur,Right hand Bat,Left arm Wrist spin,Unknown,Vignesh Puthur,Vignesh Puthur,https://www.espncricinfo.com/cricketers/vignesh-puthur-1460388
11801,RD Rickelton,Left hand Bat,NULL,Wicketkeeper,Ryan Rickelton,Ryan Rickelton,https://www.espncricinfo.com/cricketers/ryan-rickelton-605661
11843,V Nigam,Right hand Bat,Legbreak,Unknown,Vipraj Nigam,Vipraj Nigam,https://www.espncricinfo.com/cricketers/vipraj-nigam-1449074
8805,Arjun Tendulkar,Left hand Bat,Left arm Medium fast,Unknown,Arjun Sachin Tendulkar,Arjun Sachin,No Image
360,SN Thakur,Right hand Bat,Right arm Medium,Unknown,Shardul Narendra Thakur,Shardul Narendra,No Image
36966,P Suyal,Right hand Bat,Left arm Medium,Unknown,Pawan Shakland Suyal,Pawan Shakland,No Image
15108,MB Parmar,Right hand Bat,Right arm Offbreak,Unknown,Mohnish Bipinbhai Parmar,Mohnish Bipinbhai,No Image
6694,R Powell,Right hand Bat,Right arm Medium fast,Unknown,Rovman Powell,Rovman Powell,https://www.espncricinfo.com/cricketers/rovman-powell-820351
35364,AP Majumdar,Right hand Bat,Legbreak Googly,Unknown,Anustup Prabir Majumdar,Anustup Prabir,No Image
33919,Anand Rajan,Right hand Bat,Right arm Medium,Unknown,Anand Rajan,Anand Rajan,No Image
2824,GC Viljoen,Right hand Bat,Right arm Fast,Unknown,GC Viljoen,GC Viljoen,No Image
8773,Atharva Taide,Left hand Bat,Slow Left arm Orthodox,Unknown,Atharva Taide,Atharva Taide,https://www.espncricinfo.com/cricketers/atharva-taide-1125958
12065,Shoaib Malik,Right hand Bat,Right arm Offbreak,Unknown,Shoaib Malik,Shoaib Malik,No Image
12070,Mohammad Asif,Left hand Bat,Right arm Fast medium,Unknown,Mohammad Asif,Mohammad Asif,No Image
23,PA Patel,Left hand Bat,Right arm Offbreak,Wicketkeeper,Parthiv Ajay Patel,Parthiv Ajay,No Image
8809,Noor Ahmad,Right hand Bat,Left arm Wrist spin,Unknown,Noor Ahmad Lakanwal,Noor Ahmad,https://www.espncricinfo.com/cricketers/noor-ahmad-1182529
6310,TL Seifert,Right hand Bat,Unknown,Wicketkeeper,Tim Louis Seifert,Tim Louis,No Image
38229,Shivam Sharma,Right hand Bat,Right arm Offbreak,Unknown,Shivam Sharma,Shivam Sharma,No Image
5349,RM Patidar,Right hand Bat,Right arm Offbreak,Unknown,Rajat Manohar Patidar,Rajat Manohar,No Image
12669,LA Pomersbach,Left hand Bat,Right arm Offbreak,Unknown,Luke Anthony Pomersbach,Luke Anthony,No Image
39089,RG More,Right hand Bat,Right arm Medium,Unknown,Ronit Gajanan More,Ronit Gajanan,No Image
7652,Simarjeet Singh,Right hand Bat,Right arm Medium fast,Unknown,Simarjeet Singh,Simarjeet Singh,https://www.espncricinfo.com/cricketers/simarjeet-singh-1159722
2227,MM Ali,Left hand Bat,Right arm Offbreak,Unknown,Moeen Munir Ali,Moeen Munir,No Image
12364,DB Ravi Teja,Right hand Bat,Legbreak Googly,Unknown,Dwaraka Bhamidipati Ravi Teja,Dwaraka Bhamidipati,No Image
491,Mohammad Nabi,Right hand Bat,Right arm Offbreak,Unknown,Mohammad Nabi,Mohammad Nabi,No Image
569,JP Faulkner,Right hand Bat,Left arm Fast medium,Unknown,James Peter Faulkner,James Peter,No Image
241,VR Aaron,Right hand Bat,Right arm Fast,Unknown,Varun Raymond Aaron,Varun Raymond,No Image
15368,B Sumanth,Right hand Bat,Right arm Medium fast,Unknown,Bodapati Apparao Sumanth,Bodapati Apparao,No Image
8005,PH Solanki,Right hand Bat,Legbreak,Unknown,Prashant Hitesh Solanki,Prashant Hitesh,No Image
5686,KW Richardson,Right hand Bat,Right arm Fast medium,Unknown,Kane William Richardson,Kane William,No Image
35,MA Agarwal,Right hand Bat,Right arm Offbreak,Unknown,Mayank Anurag Agarwal,Mayank Anurag,No Image
9,TS Mills,Right hand Bat,Left arm Fast,Unknown,Tymal Solomon Mills,Tymal Solomon,No Image
9508,JE Root,Right hand Bat,"Right arm Offbreak, Legbreak",Unknown,Joseph Edward Root,Joseph Edward,No Image
2662,KK Ahmed,Right hand Bat,Left arm Medium,Unknown,Khaleel Khursheed Ahmed,Khaleel Khursheed,No Image
15846,DJ Jacobs,Right hand Bat,Right arm Medium,Wicketkeeper,David Johan Jacobs,David Johan,No Image
61,SA Yadav,Right hand Bat,"Right arm Medium, Right arm Offbreak",Unknown,Suryakumar Ashok Yadav,Suryakumar Ashok,No Image
2700,SO Hetmyer,Left hand Bat,Unknown,Unknown,Shimron Odilon Hetmyer,Shimron Odilon,No Image
36069,BMAJ Mendis,Left hand Bat,Legbreak,Unknown,Balapuwaduge Manukulasuriya Amith Jeevan Mendis,Balapuwaduge Manukulasuriya,No Image
41723,PWA Mulder,Right hand Bat,Right arm Medium,Unknown,Wiaan Mulder,Wiaan Mulder,https://www.espncricinfo.com/cricketers/wiaan-mulder-698189
41726,Zeeshan Ansari,Right hand Bat,Legbreak Googly,Unknown,Zeeshan Ansari,Zeeshan Ansari,https://www.espncricinfo.com/cricketers/zeeshan-ansari-942371
41758,J Overton,Right hand Bat,Right arm Fast,Unknown,Jamie Overton,Jamie Overton,https://www.espncricinfo.com/cricketers/jamie-overton-510530
41785,Ashwani Kumar,Left hand Bat,Left arm Medium,Unknown,Ashwani Kumar,Ashwani Kumar,https://www.espncricinfo.com/cricketers/ashwani-kumar-1209126
41851,PHKD Mendis,Left hand Bat,"Right arm Offbreak, Slow Left arm Orthodox",Unknown,Kamindu Mendis,Kamindu Mendis,https://www.espncricinfo.com/cricketers/kamindu-mendis-784373
42116,Himmat Singh,Right hand Bat,Right arm Offbreak,Unknown,Himmat Singh,Himmat Singh,https://www.espncricinfo.com/cricketers/himmat-singh-805235
42133,E Malinga,Left hand Bat,Right arm Fast medium,Unknown,Kiribathgala Kankanamalage Eshan Malinga Dharmasena,Kiribathgala Kankanamalage,No Image
42206,SK Rasheed,Right hand Bat,Legbreak,Unknown,Shaik Rasheed,Shaik Rasheed,https://www.espncricinfo.com/cricketers/shaik-rasheed-1292497
42220,JP Inglis,Right hand Bat,NULL,Wicketkeeper,Joshua Patrick Inglis,Joshua Patrick,No Image
42226,XC Bartlett,Right hand Bat,Right arm Fast medium,Unknown,Xavier Colin Bartlett,Xavier Colin,No Image
43253,C Bosch,Right hand Bat,Right arm Fast medium,Unknown,Corbin Bosch,Corbin Bosch,https://www.espncricinfo.com/cricketers/corbin-bosch-594322
43282,JG Bethell,Left hand Bat,Slow Left arm Orthodox,Unknown,Jacob Graham Bethell,Jacob Graham,No Image
43300,Karim Janat,Right hand Bat,Right arm Medium,Unknown,Karim Janat,Karim Janat,https://www.espncricinfo.com/cricketers/karim-janat-793467
43451,KS Rathore,Left hand Bat,NULL,Wicketkeeper,Kunal Singh Rathore,Kunal Singh,No Image
43548,Urvil Patel,Right hand Bat,NULL,Wicketkeeper,Urvil Mukesh Patel,Urvil Mukesh,No Image
43574,M Tiwari,Right hand Bat,Right arm Medium fast,Unknown,Madhav Tiwari,Madhav Tiwari,https://www.espncricinfo.com/cricketers/madhav-tiwari-1460385
43582,MJ Owen,Right hand Bat,Right arm Medium,Unknown,Mitchell J Owen,Mitchell J,No Image
43638,W O'Rourke,Right hand Bat,Right arm Fast,Unknown,William Peter O'Rourke,William Peter,No Image
43649,Harsh Dubey,Left hand Bat,Slow Left arm Orthodox,Unknown,Harsh Surendra Dubey,Harsh Surendra,No Image
43820,MP Breetzke,Right hand Bat,NULL,Wicketkeeper,Matthew Paul Breetzke,Matthew Paul,No Image
43849,Musheer Khan,Right hand Bat,Slow Left arm Orthodox,Unknown,Musheer Khan,Musheer Khan,https://www.espncricinfo.com/cricketers/musheer-khan-1316430
43881,BKG Mendis,Right hand Bat,Legbreak,Unknown,Kusal Mendis,Kusal Mendis,No Image
43954,Sediqullah Atal,Left hand Bat,NULL,Unknown,Sediqullah Atal,Sediqullah Atal,No Image
3388,Arshdeep Singh,Left hand Bat,Left arm Medium fast,Unknown,Arshdeep Singh,Arshdeep Singh,https://www.espncricinfo.com/cricketers/arshdeep-singh-1125976
34356,DAJ Bracewell,Right hand Bat,Right arm Fast medium,Unknown,Douglas Andrew John Bracewell,Douglas Andrew,No Image
1970,AD Hales,Right hand Bat,Right arm Medium,Occasional Wicketkeeper,Alexander Daniel Hales,Alexander Daniel,No Image
161,DT Christian,Right hand Bat,Right arm Fast medium,Unknown,Daniel Trevor Christian,Daniel Trevor,No Image
12414,YV Takawale,Right hand Bat,Unknown,Wicketkeeper,Yogesh Vijay Takawale,Yogesh Vijay,No Image
62,CR Woakes,Right hand Bat,Right arm Fast medium,Unknown,Christopher Roger Woakes,Christopher Roger,No Image
77,T Natarajan,Left hand Bat,Left arm Medium,Unknown,Thangarasu Natarajan,Thangarasu Natarajan,No Image
5354,KA Jamieson,Right hand Bat,Right arm Fast medium,Unknown,Kyle Alex Jamieson,Kyle Alex,No Image
13231,KP Pietersen,Right hand Bat,Right arm Offbreak,Unknown,Kevin Peter Pietersen,Kevin Peter,No Image
11948,Joginder Sharma,Right hand Bat,Right arm Fast medium,Unknown,Joginder Sharma,Joginder Sharma,No Image
13220,T Henderson,Right hand Bat,Right arm Fast medium,Unknown,Tyron Henderson,Tyron Henderson,No Image
15837,UBT Chand,Right hand Bat,Right arm Offbreak,Unknown,Unmukt Bharat Thakur Chand,Unmukt Bharat,No Image
12008,Y Venugopal Rao,Right hand Bat,Right arm Offbreak,Unknown,Yalaka Venugopal Rao,Yalaka Venugopal,No Image
471,NM Coulter-Nile,Right hand Bat,Right arm Fast,Unknown,Nathan Mitchell Coulter-Nile,Nathan Mitchell,No Image
34706,T Mishra,Right hand Bat,Right arm Fast medium,Unknown,Tanmay Mishra,Tanmay Mishra,No Image
14481,AG Murtaza,Left hand Bat,Slow Left arm Orthodox,Unknown,Ali Ghulam Murtaza,Ali Ghulam,No Image
3718,S Sandeep Warrier,Right hand Bat,Right arm Medium,Unknown,Sankarankutty Sandeep Warrier,Sankarankutty Sandeep,No Image
8626,WD Parnell,Left hand Bat,Left arm Medium fast,Unknown,Wayne Dillon Parnell,Wayne Dillon,No Image
546,Gurkeerat Singh,Right hand Bat,Right arm Offbreak,Unknown,Gurkeerat Rupinder Singh,Gurkeerat Rupinder,No Image
14961,KB Arun Karthik,Right hand Bat,Legbreak Googly,Occasional Wicketkeeper,Konda Bhaskir Arun Karthik,Konda Bhaskir,No Image
12046,Pankaj Singh,Right hand Bat,Right arm Medium fast,Unknown,Pankaj Singh,Pankaj Singh,No Image
245,AB de Villiers,Right hand Bat,Right arm Medium,Wicketkeeper,Abraham Benjamin de Villiers,Abraham Benjamin,No Image
4771,CJ Green,Right hand Bat,Right arm Offbreak,Unknown,Christopher James Green,Christopher James,No Image
48,AJ Finch,Right hand Bat,Slow Left arm Orthodox,Unknown,Aaron James Finch,Aaron James,No Image
9069,D Wiese,Right hand Bat,Right arm Medium fast,Unknown,David Wiese,David Wiese,No Image
4023,JL Pattinson,Left hand Bat,Right arm Fast medium,Unknown,James Lee Pattinson,James Lee,No Image
11935,MV Boucher,Right hand Bat,Right arm Medium,Wicketkeeper,Mark Verdon Boucher,Mark Verdon,No Image
34171,RW Price,Right hand Bat,Slow Left arm Orthodox,Unknown,Raymond William Price,Raymond William,No Image
13026,A Mukund,Left hand Bat,Legbreak Googly,Unknown,Abhinav Mukund,Abhinav Mukund,No Image
6717,OF Smith,Right hand Bat,Right arm Fast medium,Unknown,Odean Fabian Smith,Odean Fabian,No Image
767,Anureet Singh,Right hand Bat,Right arm Medium,Unknown,Kathuria Anureet Singh,Kathuria Anureet,No Image
35146,BB Samantray,Right hand Bat,Right arm Medium,Unknown,Biplab Bipin Samantray,Biplab Bipin,No Image
39661,GS Sandhu,Left hand Bat,Right arm Fast medium,Unknown,Gurinder Singh Sandhu,Gurinder Singh,No Image
1452,B Laughlin,Right hand Bat,Right arm Fast medium,Unknown,Ben Laughlin,Ben Laughlin,No Image
14520,RS Gavaskar,Left hand Bat,Slow Left arm Orthodox,Unknown,Rohan Sunil Gavaskar,Rohan Sunil,No Image
2703,Navdeep Saini,Right hand Bat,Right arm Fast,Unknown,Navdeep Saini,Navdeep Saini,No Image
10152,Azmatullah Omarzai,Right hand Bat,Right arm Medium fast,Unknown,Azmatullah Omarzai,Azmatullah Omarzai,https://www.espncricinfo.com/cricketers/azmatullah-omarzai-819429
10528,Kumar Kushagra,Right hand Bat,NULL,Wicketkeeper,Kumar Kushagra,Kumar Kushagra,https://www.espncricinfo.com/cricketers/kumar-kushagra-1207295
11640,Shivam Singh,Right hand Bat,Right arm Offbreak,Unknown,Shivam Singh,Shivam Singh,No Image
10456,Ashutosh Sharma,Right hand Bat,NULL,Unknown,Ashutosh Sharma,Ashutosh Sharma,https://www.espncricinfo.com/cricketers/ashutosh-sharma-1131978
10302,MP Yadav,Right hand Bat,Right arm Fast,Unknown,Mayank Yadav,Mayank Yadav,https://www.espncricinfo.com/cricketers/mayank-yadav-1292563
10303,M Siddharth,Right hand Bat,Slow Left arm Orthodox,Unknown,Manimaran Siddharth,Manimaran Siddharth,No Image
10548,BR Sharath,Right hand Bat,NULL,Wicketkeeper,Belur Ravi Sharath,Belur Ravi,No Image
11562,T Kohler-Cadmore,Right hand Bat,Right arm Offbreak,Wicketkeeper,Tom Kohler-Cadmore,Tom Kohler,No Image
11810,PVSN Raju,Left hand Bat,Right arm Medium fast,Unknown,Penumatsa Venkata Satyanarayana Raju,Penumatsa Venkata,No Image
11833,DS Rathi,Right hand Bat,Legbreak,Unknown,Digvesh Singh Rathi,Digvesh Singh,https://www.espncricinfo.com/cricketers/digvesh-rathi-1460529
42511,MS Bhandage,Left hand Bat,Right arm Medium fast,Unknown,Manoj Shivaramsa Bhandage,Manoj Shivaramsa,No Image
42566,V Suryavanshi,Left hand Bat,Slow Left arm Orthodox,Unknown,Vaibhav Suryavanshi,Vaibhav Suryavanshi,https://www.espncricinfo.com/cricketers/vaibhav-suryavanshi-1408688
42603,A Mhatre,Right hand Bat,Right arm Offbreak,Unknown,Ayush Mhatre,Ayush Mhatre,No Image
38,MS Dhoni,Right hand Bat,Right arm Medium,Wicketkeeper,Mahendra Singh Dhoni,Mahendra Singh,No Image
38515,K Santokie,Left hand Bat,Left arm Medium,Unknown,Krishmar Santokie,Krishmar Santokie,No Image
15049,C Ganapathy,Right hand Bat,Right arm Medium,Unknown,Chandrasekar Ganapathy,Chandrasekar Ganapathy,No Image
6715,RA Bawa,Left hand Bat,Right arm Medium fast,Unknown,Raj Angad Bawa,Raj Angad�,No Image
318,UT Yadav,Right hand Bat,Right arm Fast,Unknown,Umeshkumar Tilak Yadav,Umeshkumar Tilak,No Image
16414,KMDN Kulasekara,Right hand Bat,Right arm Fast medium,Unknown,Kulasekara Mudiyanselage Dinesh Nuwan Kulasekara,Kulasekara Mudiyanselage,No Image
37,BA Stokes,Left hand Bat,Right arm Fast medium,Unknown,Benjamin Andrew Stokes,Benjamin Andrew,No Image
1986,MK Lomror,Left hand Bat,Slow Left arm Orthodox,Unknown,Mahipal Krishan Lomror,Mahipal Krishan,No Image
6212,T Shamsi,Right hand Bat,Left arm Wrist spin,Unknown,Tabraiz Shamsi,Tabraiz Shamsi,No Image
3505,SE Rutherford,Left hand Bat,Right arm Fast medium,Unknown,Sherfane Eviston Rutherford,Sherfane Eviston,No Image
34817,Azhar Mahmood,Right hand Bat,Right arm Fast medium,Unknown,Azhar Mahmood Sagar,Azhar Mahmood,No Image
4146,TU Deshpande,Left hand Bat,Right arm Medium,Unknown,Tushar Uday Deshpande,Tushar Uday,No Image
11987,DJ Thornely,Right hand Bat,"Right arm Medium, Right arm Offbreak",Unknown,Dominic John Thornely,Dominic John,No Image
11928,M Kartik,Left hand Bat,Slow Left arm Orthodox,Unknown,Murali Kartik,Murali Kartik,No Image
297,Mustafizur Rahman,Left hand Bat,Left arm Fast medium,Unknown,Mustafizur Rahman,Mustafizur Rahman,No Image
8400,RJW Topley,Right hand Bat,Left arm Fast medium,Unknown,Reece James William Topley,Reece James,No Image
13458,KP Appanna,Right hand Bat,Slow Left arm Orthodox,Unknown,Kotarangada Prabhu Appanna,Kotarangada Prabhu,No Image
6245,NT Ellis,Right hand Bat,Right arm Fast medium,Unknown,Nathan Ellis,Nathan Ellis,https://www.espncricinfo.com/cricketers/nathan-ellis-826915
1416,R Ashwin,Right hand Bat,Right arm Offbreak,Unknown,Ravichandran Ashwin,Ravichandran Ashwin,https://www.espncricinfo.com/cricketers/ravichandran-ashwin-26421
7947,T Stubbs,Right hand Bat,Right arm Offbreak,Wicketkeeper,Tristan Stubbs,Tristan Stubbs,https://www.espncricinfo.com/cricketers/tristan-stubbs-595978
1443,DJM Short,Left hand Bat,Left arm Wrist spin,Unknown,D'Arcy John Matthew Short,D'Arcy John,No Image
811,IK Pathan,Left hand Bat,Left arm Medium fast,Unknown,Irfan Khan Pathan,Irfan Khan,No Image
634,AD Nath,Right hand Bat,Right arm Medium fast,Unknown,Akshdeep Deependra Nath,Akshdeep Deependra,No Image
14485,AA Jhunjhunwala,Right hand Bat,Right arm Offbreak,Unknown,Abhishek Arunkumar Jhunjhunwala,Abhishek Arunkumar,No Image
180,SV Samson,Right hand Bat,Unknown,Wicketkeeper,Sanju Viswanath Samson,Sanju Viswanath,No Image
12221,TM Srivastava,Left hand Bat,Right arm Medium,Unknown,Tanmay Manoj Srivastava,Tanmay Manoj,No Image
6036,Akash Singh,Right hand Bat,Left arm Medium fast,Unknown,Akash Maharaj Singh,Akash Maharaj,No Image
35030,R Shukla,Right hand Bat,Right arm Medium,Unknown,Rahul Shukla,Rahul Shukla,No Image
12160,A Kumble,Right hand Bat,Legbreak Googly,Unknown,Anil Kumble,Anil Kumble,No Image
12035,S Sohal,Right hand Bat,Legbreak,Unknown,Sunny Sohal,Sunny Sohal,No Image
16007,JJ van der Wath,Right hand Bat,Right arm Medium fast,Unknown,Johannes Jacobus van der Wath,Johannes Jacobus,No Image
13882,GJ Bailey,Right hand Bat,Right arm Medium,Unknown,George John Bailey,George John,No Image
2719,JM Bairstow,Right hand Bat,Right arm Medium,Wicketkeeper,Jonathan Marc Bairstow,Jonathan Marc,No Image
66,TA Boult,Right hand Bat,Left arm Fast medium,Unknown,Trent Alexander Boult,Trent Alexander,No Image
258,CJ Anderson,Left hand Bat,Left arm Medium fast,Unknown,Corey James Anderson,Corey James,No Image
7036,Ramandeep Singh,Right hand Bat,Right arm Medium,Unknown,Ramandeep Singh,Ramandeep Singh,https://www.espncricinfo.com/cricketers/ramandeep-singh-1079470
24,JC Buttler,Right hand Bat,Unknown,Wicketkeeper,Joseph Charles Buttler,Joseph Charles,https://ipl-stats-sports-mechanic.s3.ap-south-1.amazonaws.com/ipl/playerimages/Jos%20Buttler.png
35239,BW Hilfenhaus,Right hand Bat,Right arm Fast medium,Unknown,Benjamin William Hilfenhaus,Benjamin William,No Image
5955,DJ Malan,Left hand Bat,Legbreak,Unknown,Dawid Johannes Malan,Dawid Johannes,No Image
12107,GC Smith,Left hand Bat,Right arm Offbreak,Unknown,Graeme Craig Smith,Graeme Craig,No Image
438,JD Unadkat,Right hand Bat,Left arm Medium,Unknown,Jaydev Dipakbhai Unadkat,Jaydev Dipakbhai,No Image
2947,MJ Santner,Left hand Bat,Slow Left arm Orthodox,Unknown,Mitchell Josef Santner,Mitchell Josef,No Image
348,RA Jadeja,Left hand Bat,Slow Left arm Orthodox,Unknown,Ravindrasinh Anirudhsinh Jadeja,Ravindrasinh Anirudhsinh,No Image
16529,M Klinger,Right hand Bat,Unknown,Unknown,Michael Klinger,Michael Klinger,No Image
12193,DNT Zoysa,Left hand Bat,Left arm Fast medium,Unknown,Demuni Nuwan Tharanga Zoysa,Demuni Nuwan,No Image
35322,PA Reddy,Right hand Bat,Legbreak,Unknown,Produturi Akshath Reddy,Produturi Akshath,No Image
13271,FH Edwards,Right hand Bat,Right arm Fast,Unknown,Fidel Henderson Edwards,Fidel Henderson,No Image
14353,Mohammad Ashraful,Right hand Bat,"Right arm Offbreak, Legbreak",Unknown,Mohammad Ashraful,Mohammad Ashraful,No Image
12315,Salman Butt,Left hand Bat,Right arm Offbreak,Unknown,Salman Butt,Salman Butt,No Image
9044,Abdul Basith,Right hand Bat,Right arm Offbreak,Unknown,Pappanayil Abdul Basith,Pappanayil Abdul,No Image
4274,JDS Neesham,Left hand Bat,Right arm Medium fast,Unknown,James Douglas Sheahan Neesham,James Douglas,No Image
11942,ML Hayden,Left hand Bat,Right arm Medium,Unknown,Matthew Lawrence Hayden,Matthew Lawrence,"https://img1.hscicdn.com/image/upload/f_auto,t_ds_w_1280,q_80/lsci/db/PICTURES/CMS/319700/319706.png"
637,SS Agarwal,Right hand Bat,Legbreak Googly,Unknown,Shubham Sanjay Agarwal,Shubham Sanjay,No Image
33,JJ Bumrah,Right hand Bat,Right arm Fast,Unknown,Jasprit Jasbirsingh Bumrah,Jasprit Jasbirsingh,No Image
34931,A Chandila,Right hand Bat,Right arm Offbreak,Unknown,Ajit  Chandila,Ajit  Chandila,No Image
697,DM Bravo,Left hand Bat,Right arm Medium,Occasional Wicketkeeper,Darren Michael Bravo,Darren Michael,No Image
7077,HE van der Dussen,Right hand Bat,Legbreak,Unknown,Hendrik Erasmus van der Dussen,Hendrik Erasmus,No Image
2934,P Ray Barman,Right hand Bat,Legbreak Googly,Unknown,Prayas Ray Barman,Prayas Ray,No Image
2760,Rasikh Salam,Right hand Bat,Right arm Medium,Unknown,Rasikh Salam Dar,Rasikh Salam,No Image
14729,AC Voges,Right hand Bat,Slow Left arm Orthodox,Unknown,Adam Charles Voges,Adam Charles,No Image
1436,RK Singh,Left hand Bat,Right arm Offbreak,Unknown,Rinku Khanchand Singh,Rinku Khanchand,No Image
1421,Q de Kock,Left hand Bat,Unknown,Wicketkeeper,Quinton de Kock,Quinton de,No Image
12523,L Balaji,Right hand Bat,Right arm Medium fast,Unknown,Lakshmipathy Balaji,Lakshmipathy Balaji,No Image
6999,B Sai Sudharsan,Left hand Bat,Legbreak,Unknown,Bhardwaj Sai Sudharsan,Bhardwaj Sai,https://ipl-stats-sports-mechanic.s3.ap-south-1.amazonaws.com/ipl/playerimages/Sai%20Sudharsan.png
5980,PWH de Silva,Right hand Bat,Legbreak,Unknown,Pinnaduwage Wanindu Hasaranga de Silva,Pinnaduwage Wanindu,No Image
11990,AM Nayar,Left hand Bat,Right arm Medium,Unknown,Abhishek Mohan Nayar,Abhishek Mohan,No Image
14505,MS Bisla,Right hand Bat,Unknown,Wicketkeeper,Manvinder Sultansingh Bisla,Manvinder Sultansingh,No Image
12009,VVS Laxman,Right hand Bat,Right arm Offbreak,Unknown,Vangipurappu Venkata Sai Laxman,Vangipurappu Venkata,No Image
6795,D Pretorius,Right hand Bat,Right arm Medium fast,Unknown,Dwaine Pretorius,Dwaine Pretorius,No Image
38322,VH Zol,Left hand Bat,Right arm Offbreak,Unknown,Vijay Hari Zol,Vijay Hari,No Image
12093,VS Yeligati,Right hand Bat,Right arm Offbreak,Unknown,Vikrant Shyam Yeligati,Vikrant Shyam,No Image
5408,JA Richardson,Right hand Bat,Right arm Fast,Unknown,Jhye Avon Richardson,Jhye Avon,No Image
4071,D Padikkal,Left hand Bat,Right arm Offbreak,Unknown,Devdutt Padikkal,Devdutt Padikkal,https://www.espncricinfo.com/cricketers/devdutt-padikkal-1119026
15507,AG Paunikar,Right hand Bat,Unknown,Wicketkeeper,Amit Gajanan Paunikar,Amit Gajanan,No Image
11985,L Ronchi,Right hand Bat,Unknown,Wicketkeeper,Luke Ronchi,Luke Ronchi,No Image
34,AM Rahane,Right hand Bat,Right arm Medium,Unknown,Ajinkya Madhukar Rahane,Ajinkya Madhukar,https://ipl-stats-sports-mechanic.s3.ap-south-1.amazonaws.com/ipl/playerimages/Ajinkya%20Rahane.png
13402,RR Bose,Right hand Bat,Right arm Fast medium,Unknown,Ranadeb Ranjit Bose,Ranadeb Ranjit,No Image
36213,R Rampaul,Left hand Bat,Right arm Fast medium,Unknown,Ravindranath Rampaul,Ravindranath Rampaul,No Image
12535,A Chopra,Right hand Bat,"Right arm Medium, Right arm Offbreak",Unknown,Aakash Chopra,Aakash Chopra,No Image
11930,R Dravid,Right hand Bat,Right arm Offbreak,Occasional Wicketkeeper,Rahul Sharad Dravid,Rahul Sharad,No Image
13973,C Nanda,Right hand Bat,Legbreak,Unknown,Chetanya Nanda,Chetanya Nanda,No Image
4099,Abdul Samad,Right hand Bat,Legbreak,Unknown,Abdul Samad Farooq,Abdul Samad,https://www.espncricinfo.com/cricketers/abdul-samad-1175485
3284,LS Livingstone,Right hand Bat,"Right arm Offbreak, Legbreak",Unknown,Liam Stephen Livingstone,Liam Stephen,No Image
7365,HR Shokeen,Right hand Bat,Right arm Offbreak,Unknown,Hrithik Rakesh Shokeen,Hrithik Rakesh,No Image
7172,Yash Dayal,Right hand Bat,Left arm Medium fast,Unknown,Yash Dayal,Yash Dayal,https://www.espncricinfo.com/cricketers/yash-dayal-1159720
38691,Karanveer Singh,Right hand Bat,Legbreak Googly,Unknown,Karanveer Singh,Karanveer Singh,No Image
15472,C Madan,Right hand Bat,Unknown,Wicketkeeper,Chandan Madan,Chandan Madan,No Image
10,YS Chahal,Right hand Bat,Legbreak Googly,Unknown,Yuzvendra Singh Chahal,Yuzvendra Singh,https://ipl-stats-sports-mechanic.s3.ap-south-1.amazonaws.com/ipl/playerimages/Yuzvendra%20Chahal.png
16382,JE Taylor,Right hand Bat,Right arm Fast,Unknown,Jerome Everton Taylor,Jerome Everton,No Image
11931,W Jaffer,Right hand Bat,Right arm Offbreak,Unknown,Wasim Jaffer,Wasim Jaffer,No Image
14,MC Henriques,Right hand Bat,Right arm Fast medium,Unknown,Moises Constantino Henriques,Moises Constantino,No Image
11936,B Akhil,Right hand Bat,Right arm Medium fast,Unknown,Balachandra Akhil,Balachandra Akhil,No Image
1120,MJ Henry,Right hand Bat,Right arm Fast medium,Unknown,Matthew James Henry,Matthew James,No Image
64,Kuldeep Yadav,Left hand Bat,Left arm Wrist spin,Unknown,Kuldeep Yadav,Kuldeep Yadav,https://www.espncricinfo.com/cricketers/kuldeep-yadav-559235
11975,V Sehwag,Right hand Bat,Right arm Offbreak,Unknown,Virender Sehwag,Virender Sehwag,No Image
12017,PP Ojha,Left hand Bat,Slow Left arm Orthodox,Unknown,Pragyan Prayash Ojha,Pragyan Prayash,"https://img1.hscicdn.com/image/upload/f_auto,t_ds_square_w_160/lsci/db/PICTURES/CMS/322600/322694.1.png"
8356,NA Saini,Right hand Bat,Right arm Fast,Unknown,Navdeep Amarjeet Saini,Navdeep Amarjeet,No Image
12345,M Ntini,Right hand Bat,Right arm Fast,Unknown,Makhaya Ntini,Makhaya Ntini,No Image
18,NV Ojha,Right hand Bat,Unknown,Wicketkeeper,Naman Vinaykumar Ojha,Naman Vinaykumar,No Image
34272,RE Levi,Right hand Bat,Right arm Medium,Unknown,Richard Ernst Levi,Richard Ernst,No Image
14478,R McLaren,Left hand Bat,Right arm Medium fast,Unknown,Ryan McLaren,Ryan McLaren,No Image
15745,ND Doshi,Right hand Bat,Slow Left arm Orthodox,Unknown,Nayan Dilip Doshi,Nayan Dilip,No Image
26,N Rana,Left hand Bat,"Right arm Medium, Right arm Offbreak, Legbreak",Unknown,Nitish Rana,Nitish Rana,https://www.espncricinfo.com/cricketers/nitish-rana-604527
12795,RV Pawar,Left hand Bat,Slow Left arm Orthodox,Unknown,Rajesh Vithal Pawar,Rajesh Vithal,No Image
8425,Yash Thakur,Right hand Bat,Right arm Fast medium,Unknown,Yash Ravisingh Thakur,Yash Ravisingh,No Image
13698,SM Harwood,Right hand Bat,Right arm Fast medium,Unknown,Shane Michael Harwood,Shane Michael,No Image
1,CH Gayle,Left hand Bat,Right arm Offbreak,Unknown,Christopher Henry Gayle,Christopher Henry,https://ipl-stats-sports-mechanic.s3.ap-south-1.amazonaws.com/ipl/playerimages/Chris%20Gayle.png
11962,S Sreesanth,Right hand Bat,Right arm Fast medium,Unknown,Shanthakumaran Sreesanth,Shanthakumaran Sreesanth,No Image
15807,AL Menaria,Left hand Bat,Slow Left arm Orthodox,Unknown,Ashok Lakshminarayan Menaria,Ashok Lakshminarayan,No Image
2023,KM Asif,Right hand Bat,Right arm Medium,Unknown,KM Asif,KM Asif,No Image
2766,N Pooran,Left hand Bat,Right arm Offbreak,Wicketkeeper,Nicholas Pooran,Nicholas Pooran,https://ipl-stats-sports-mechanic.s3.ap-south-1.amazonaws.com/ipl/playerimages/Nicholas%20Pooran.png
8953,Mayank Dagar,Right hand Bat,Slow Left arm Orthodox,Unknown,Mayank J Dagar,Mayank J,No Image
9748,MD Shanaka,Right hand Bat,Right arm Medium,Unknown,Madagamagamage Dasun Shanaka,Madagamagamage Dasun,No Image
267,F du Plessis,Right hand Bat,Legbreak,Unknown,Francois du Plessis,Francois du,https://ipl-stats-sports-mechanic.s3.ap-south-1.amazonaws.com/ipl/playerimages/Faf%20Du%20Plessis.png
13320,Yashpal Singh,Right hand Bat,Right arm Medium,Unknown,Yashpal Singh,Yashpal Singh,No Image
13228,JD Ryder,Left hand Bat,Right arm Medium,Unknown,Jesse Daniel Ryder,Jesse Daniel,No Image
2768,SM Curran,Left hand Bat,Left arm Medium fast,Unknown,Samuel Matthew Curran,Samuel Matthew,No Image
1630,M Vijay,Right hand Bat,Right arm Offbreak,Unknown,Murali Vijay,Murali Vijay,No Image
36227,SMSM Senanayake,Right hand Bat,Right arm Offbreak,Unknown,Senanayake Mudiyanselage Sachithra Madhushanka Senanayake,Senanayake Mudiyanselage,No Image
1398,C Munro,Left hand Bat,Right arm Medium fast,Unknown,Colin Munro,Colin Munro,No Image
12314,Gagandeep Singh,Right hand Bat,Right arm Medium fast,Unknown,Gagandeep Singh,Gagandeep Singh,No Image
34058,S Rana,Right hand Bat,Right arm Medium fast,Unknown,Sachin Rana,Sachin Rana,No Image
8,S Aravind,Left hand Bat,Left arm Medium fast,Unknown,Sreenath Aravind,Sreenath Aravind,No Image
341,S Badree,Right hand Bat,Legbreak,Unknown,Samuel Badree,Samuel Badree,No Image
14278,AB McDonald,Right hand Bat,Right arm Fast medium,Unknown,Andrew Barry McDonald,Andrew Barry,No Image
184,PJ Cummins,Right hand Bat,Right arm Fast,Unknown,Patrick James Cummins,Patrick James,No Image
4078,I Udana,Right hand Bat,Left arm Medium fast,Unknown,Isuru Udana Tillakaratna,Isuru Udana,No Image
1998,M Ashwin,Right hand Bat,Legbreak Googly,Unknown,Murugan Ashwin,Murugan Ashwin,No Image
13203,T Thushara,Left hand Bat,Left arm Fast medium,Unknown,Magina Thilan Thushara Mirando,Magina Thilan,No Image
14649,DR Martyn,Right hand Bat,Right arm Medium,Unknown,Damien Richard Martyn,Damien Richard,No Image
11998,LRPL Taylor,Right hand Bat,Right arm Offbreak,Unknown,Luteru Ross Poutoa Lote Taylor,Luteru Ross,No Image
12765,PM Sarvesh Kumar,Right hand Bat,Right arm Medium,Unknown,PM Sarvesh Kumar,PM Sarvesh,No Image
8312,Sikandar Raza,Right hand Bat,Right arm Offbreak,Unknown,Sikandar Raza Butt,Sikandar Raza,No Image
12842,Abdur Razzak,Left hand Bat,Slow Left arm Orthodox,Unknown,Abdur Razzak,Abdur Razzak,No Image
7005,DG Nalkande,Right hand Bat,Right arm Fast medium,Unknown,Darshan Girish Nalkande,Darshan Girish,No Image
16296,J Syed Mohammad,Left hand Bat,Slow Left arm Orthodox,Unknown,Jamaluddin Syed Mohammad,Jamaluddin Syed,No Image
2745,KMA Paul,Right hand Bat,Right arm Fast medium,Unknown,Keemo Mandela Angus Paul,Keemo Mandela,No Image
14873,NLTC Perera,Left hand Bat,Right arm Medium fast,Unknown,Narangoda Liyanaarachchilage Thisara Chirantha Perera,Narangoda Liyanaarachchilage,No Image
6727,A Badoni,Right hand Bat,Right arm Offbreak,Unknown,Ayush Badoni,Ayush Badoni,https://www.espncricinfo.com/cricketers/ayush-badoni-1151270
1471,TK Curran,Right hand Bat,Right arm Fast medium,Unknown,Thomas Kevin Curran,Thomas Kevin,No Image
14454,Anirudh Singh,Left hand Bat,Right arm Medium,Unknown,Anirudh Singh,Anirudh Singh,No Image
3793,J Suchith,Left hand Bat,Slow Left arm Orthodox,Unknown,Jagadeesha Suchith,Jagadeesha Suchith,No Image
1581,Shivam Mavi,Right hand Bat,Right arm Fast medium,Unknown,Shivam Pankaj Mavi,Shivam Pankaj,No Image
57,CA Lynn,Right hand Bat,Slow Left arm Orthodox,Unknown,Christopher Austin Lynn,Christopher Austin,No Image
5986,VR Iyer,Left hand Bat,Right arm Medium,Unknown,Venkatesh Rajasekaran Iyer,Venkatesh Rajasekaran,No Image
12369,DP Vijaykumar,Right hand Bat,Right arm Medium,Unknown,David Paidikalva Vijaykumar,David Paidikalva,No Image
178,SW Billings,Right hand Bat,Unknown,Wicketkeeper,Samuel William Billings,Samuel William,No Image
33963,Y Gnaneswara Rao,Right hand Bat,Right arm Medium,Unknown,Yalaka Gnaneswara Rao,Yalaka Gnaneswara,No Image
3641,O Thomas,Left hand Bat,Right arm Fast,Unknown,Oshane Romaine Thomas,Oshane Romaine,No Image
7476,R Dhawan,Right hand Bat,Right arm Medium fast,Unknown,Rishi Dhawan,Rishi Dhawan,No Image
15867,BA Bhatt,Left hand Bat,Slow Left arm Orthodox,Unknown,Bhargav Ashok Bhatt,Bhargav Ashok,No Image
6550,TH David,Right hand Bat,Right arm Offbreak,Unknown,Timothy Hays David,Timothy Hays,No Image
12269,CRD Fernando,Right hand Bat,Right arm Fast medium,Unknown,Congenige Randhi Dilhara Fernando,Congenige Randhi,No Image
16009,R Ninan,Right hand Bat,Right arm Offbreak,Unknown,Ryan Ninan,Ryan Ninan,No Image
11,A Choudhary,Right hand Bat,Left arm Medium,Unknown,Aniket Vinod Choudhary,Aniket Vinod,No Image
3100,AS Joseph,Right hand Bat,Right arm Fast,Unknown,Alzarri Shaheim Joseph,Alzarri Shaheim,No Image
6944,D Brevis,Right hand Bat,Legbreak,Unknown,Dewald Brevis,Dewald Brevis,No Image
14303,CK Langeveldt,Right hand Bat,Right arm Fast medium,Unknown,Charl Kenneth Langeveldt,Charl Kenneth,No Image
14707,AB Barath,Right hand Bat,Right arm Offbreak,Unknown,Adrian Boris Barath,Adrian Boris,No Image
2138,DR Shorey,Right hand Bat,Right arm Offbreak,Unknown,Dhruv Ranjan Shorey,Dhruv Ranjan,No Image
753,SP Jackson,Right hand Bat,Unknown,Wicketkeeper,Sheldon Philip Jackson,Sheldon Philip,No Image
2,Mandeep Singh,Right hand Bat,Right arm Medium,Unknown,Mandeep Singh,Mandeep Singh,No Image
11956,SM Katich,Left hand Bat,Left arm Wrist spin,Unknown,Simon Mathew Katich,Simon Mathew,No Image
538,Mohammed Siraj,Right hand Bat,Right arm Fast,Unknown,Mohammed Siraj,Mohammed Siraj,https://www.espncricinfo.com/cricketers/mohammed-siraj-940973
12234,JA Morkel,Left hand Bat,Right arm Medium fast,Unknown,Johannes Albertus Morkel,Johannes Albertus,No Image
50,DR Smith,Right hand Bat,Right arm Medium,Unknown,Dwayne Romel Smith,Dwayne Romel,No Image
13,S Dhawan,Left hand Bat,Right arm Offbreak,Unknown,Shikhar Dhawan,Shikhar Dhawan,https://ipl-stats-sports-mechanic.s3.ap-south-1.amazonaws.com/ipl/playerimages/Shikhar%20Dhawan.png
71,GJ Maxwell,Right hand Bat,Right arm Offbreak,Unknown,Glenn James Maxwell,Glenn James,https://ipl-stats-sports-mechanic.s3.ap-south-1.amazonaws.com/ipl/playerimages/Glenn%20Maxwell.png
36973,UA Birla,Right hand Bat,Right arm Medium,Unknown,Udit Alok Birla,Udit Alok,No Image
316,C de Grandhomme,Right hand Bat,Right arm Medium fast,Unknown,Colin de Grandhomme,Colin de,No Image
8646,YV Dhull,Right hand Bat,Right arm Offbreak,Unknown,Yash Vijay Dhull,Yash Vijay,No Image
34522,GB Hogg,Left hand Bat,Left arm Wrist spin,Unknown,George Bradley Hogg,George Bradley,No Image
8776,Harpreet Singh,Left hand Bat,Right arm Medium,Unknown,Harpreet Singh Bhatia,Harpreet Singh,No Image
12546,J Arunkumar,Right hand Bat,Right arm Offbreak,Unknown,Jagadeesh Arunkumar,Jagadeesh Arunkumar,No Image
14712,SJ Srivastava,Right hand Bat,Left arm Fast medium,Unknown,Shalabh Jagdishprasad Srivastava,Shalabh Jagdishprasad,No Image
8082,R Sanjay Yadav,Left hand Bat,Slow Left arm Orthodox,Unknown,Ramsingh  Sanjay Yadav,Ramsingh  Sanjay,No Image
15150,SB Wagh,Left hand Bat,Left arm Medium fast,Unknown,Shrikant Bhaskar Wagh,Shrikant Bhaskar,No Image
179,KK Nair,Right hand Bat,Right arm Offbreak,Unknown,Karun Nair,Karun Nair,https://www.espncricinfo.com/cricketers/karun-nair-398439
228,Harbhajan Singh,Right hand Bat,Right arm Offbreak,Unknown,Harbhajan Singh,Harbhajan Singh,No Image
1035,LMP Simmons,Right hand Bat,Right arm Medium fast,Occasional Wicketkeeper,Lendl Mark Platter Simmons,Lendl Mark,No Image
13502,Shoaib Ahmed,Right hand Bat,Right arm Fast medium,Unknown,Syed Mohammad Shoaib Ahmed,Syed Mohammad,No Image
13763,D du Preez,Right hand Bat,Right arm Fast medium,Unknown,Dillon du Preez,Dillon du,No Image
3393,AJ Turner,Right hand Bat,Right arm Offbreak,Unknown,Ashton James Turner,Ashton James,No Image
15818,RV Gomez,Right hand Bat,Right arm Medium,Unknown,Raiphi Vincent Gomez,Raiphi Vincent,No Image
389,SS Iyer,Right hand Bat,"Right arm Offbreak, Legbreak Googly",Unknown,Shreyas Santosh Iyer,Shreyas Santosh,No Image
12007,AC Gilchrist,Left hand Bat,Right arm Offbreak,Wicketkeeper,Adam Craig Gilchrist,Adam Craig,"https://img1.hscicdn.com/image/upload/f_auto,t_ds_w_1280,q_80/lsci/db/PICTURES/CMS/319600/319684.png"
1377,E Lewis,Left hand Bat,Unknown,Unknown,Evin Lewis,Evin Lewis,No Image
4058,SS Cottrell,Right hand Bat,Left arm Fast medium,Unknown,Sheldon Shane Cottrell,Sheldon Shane,No Image
37119,Parvez Rasool,Right hand Bat,Right arm Offbreak,Unknown,Parvez Ghulam Rasool Zargar,Parvez Ghulam,No Image
1419,Mujeeb Ur Rahman,Right hand Bat,Right arm Offbreak,Unknown,Mujeeb Ur Rahman,Mujeeb Ur,No Image
12010,A Symonds,Right hand Bat,"Right arm Medium, Right arm Offbreak",Unknown,Andrew Symonds,Andrew Symonds,No Image
13267,Harmeet Singh,Right hand Bat,Right arm Medium,Unknown,Harmeet Singh Bansal,Harmeet Singh,No Image
3246,JL Denly,Right hand Bat,Legbreak,Unknown,Joseph Liam Denly,Joseph Liam,No Image
13250,RS Bopara,Right hand Bat,Right arm Medium,Unknown,Ravinder Singh Bopara,Ravinder Singh,No Image
613,Washington Sundar,Left hand Bat,Right arm Offbreak,Unknown,Washington Sundar,Washington Sundar,https://www.espncricinfo.com/cricketers/washington-sundar-719715
7024,Shashank Singh,Right hand Bat,"Right arm Medium, Right arm Offbreak",Unknown,Shashank Singh,Shashank Singh,https://www.espncricinfo.com/cricketers/shashank-singh-377534
4047,A Nortje,Right hand Bat,Right arm Fast,Unknown,Anrich Arno Nortje,Anrich Arno,No Image
1559,A Dananjaya,Left hand Bat,"Right arm Offbreak, Legbreak",Unknown,Mahamarakkala Kurukulasooriya Patabendige Akila Dananjaya Perera,Mahamarakkala Kurukulasooriya,No Image
495,S Kaul,Right hand Bat,Right arm Medium,Unknown,Siddarth Kaul,Siddarth Kaul,No Image
1580,Shubman Gill,Right hand Bat,Right arm Offbreak,Unknown,Shubman Gill,Shubman Gill,https://ipl-stats-sports-mechanic.s3.ap-south-1.amazonaws.com/ipl/playerimages/Shubman%20Gill.png
34089,KH Devdhar,Right hand Bat,Unknown,Wicketkeeper,Kedar Hemant Devdhar,Kedar Hemant,No Image
1409,KL Rahul,Right hand Bat,Unknown,Wicketkeeper,Kannaur Lokesh Rahul,Kannaur Lokesh,https://ipl-stats-sports-mechanic.s3.ap-south-1.amazonaws.com/ipl/playerimages/KL%20Rahul.png
34304,M de Lange,Right hand Bat,Right arm Fast,Unknown,Marchant de Lange,Marchant de,No Image
11961,WA Mota,Right hand Bat,Right arm Medium,Unknown,Wilkin Arvind Mota,Wilkin Arvind,No Image
51,MS Gony,Right hand Bat,Right arm Medium,Unknown,Manpreet Singh Gony,Manpreet Singh,No Image
36609,X Thalaivan Sargunam,Right hand Bat,Right arm Offbreak,Unknown,Xavier Thalaivan Sargunam,Xavier Thalaivan,No Image
13198,A Flintoff,Right hand Bat,Right arm Fast medium,Unknown,Andrew Flintoff,Andrew Flintoff,No Image
3076,SC Kuggeleijn,Right hand Bat,Right arm Fast medium,Unknown,Scott Christopher Kuggeleijn,Scott Christopher,No Image
219,AS Rajpoot,Right hand Bat,Right arm Medium,Unknown,Ankit Singh Rajpoot,Ankit Singh,No Image
230,SL Malinga,Right hand Bat,Right arm Fast,Unknown,Separamadu Lasith Malinga,Separamadu Lasith,https://ipl-stats-sports-mechanic.s3.ap-south-1.amazonaws.com/ipl/playerimages/Lasith%20Malinga.png
1386,M Markande,Right hand Bat,Legbreak,Unknown,Mayank Markande,Mayank Markande,https://www.espncricinfo.com/cricketers/mayank-markande-1081442
75,MM Sharma,Right hand Bat,Right arm Medium,Unknown,Mohit Mahipal Sharma,Mohit Mahipal,https://ipl-stats-sports-mechanic.s3.ap-south-1.amazonaws.com/ipl/playerimages/Mohit%20Sharma.png
12014,SB Bangar,Right hand Bat,Right arm Medium fast,Unknown,Sanjay Bapusaheb Bangar,Sanjay Bapusaheb,No Image
12147,Sohail Tanvir,Left hand Bat,Left arm Medium fast,Unknown,Sohail Tanvir,Sohail Tanvir,"https://img1.hscicdn.com/image/upload/f_auto,t_ds_square_w_160/lsci/db/PICTURES/CMS/320400/320472.1.png"
37979,BR Dunk,Left hand Bat,Right arm Offbreak,Wicketkeeper,Ben Robert Dunk,Ben Robert,No Image
308,I Sharma,Right hand Bat,Right arm Fast medium,Unknown,Ishant Sharma,Ishant Sharma,https://www.espncricinfo.com/cricketers/ishant-sharma-236779
9371,Akash Madhwal,Right hand Bat,Right arm Medium fast,Unknown,Akash Madhwal,Akash Madhwal,https://www.espncricinfo.com/cricketers/akash-madhwal-1206039
40813,SM Boland,Right hand Bat,Right arm Fast medium,Unknown,Scott Michael Boland,Scott Michael,No Image
9931,H Sharma,Right hand Bat,Legbreak,Unknown,Himanshu Sharma,Himanshu Sharma,No Image
13497,AA Bilakhia,Right hand Bat,Right arm Medium,Unknown,Azharuddin Anjum Bilakhia,Azharuddin Anjum,No Image
35153,MJ Clarke,Right hand Bat,Slow Left arm Orthodox,Unknown,Michael John Clarke,Michael John,No Image
8372,HC Brook,Right hand Bat,Right arm Medium,Unknown,Harry Cherrington Brook,Harry Cherrington,No Image
11919,SC Ganguly,Left hand Bat,Right arm Medium,Unknown,Sourav Chandidas Ganguly,Sourav Chandidas,No Image
4,KM Jadhav,Right hand Bat,Right arm Offbreak,Unknown,Kedar Mahadav Jadhav,Kedar Mahadav,No Image
29,KA Pollard,Right hand Bat,Right arm Medium,Unknown,Kieron Adrian Pollard,Kieron Adrian,No Image
6713,PBB Rajapaksa,Left hand Bat,Right arm Medium,Unknown,Pramod Bhanuka Bandara Rajapaksa,Pramod Bhanuka,No Image
14622,SE Bond,Right hand Bat,Right arm Fast,Unknown,Shane Edward Bond,Shane Edward,No Image
2329,JPR Scantlebury-Searles,Right hand Bat,Right arm Fast medium,Unknown,Javon Philip Ramon Scantlebury-Searles,Javon Philip,No Image
172,P Negi,Left hand Bat,Slow Left arm Orthodox,Unknown,Pawan Negi,Pawan Negi,No Image
12032,DPMD Jayawardene,Right hand Bat,Right arm Medium,Unknown,Denagamage Proboth Mahela de Silva Jayawardene,Denagamage Proboth,No Image
604,MG Johnson,Left hand Bat,Left arm Fast,Unknown,Mitchell Guy Johnson,Mitchell Guy,No Image
12738,RR Powar,Right hand Bat,Right arm Offbreak,Unknown,Ramesh Rajaram Powar,Ramesh Rajaram,No Image
14726,FY Fazal,Left hand Bat,Right arm Medium,Unknown,Faiz Yakub Fazal,Faiz Yakub,No Image
11951,M Muralitharan,Right hand Bat,Right arm Offbreak,Unknown,Muthiah Muralidaran,Muthiah Muralidaran,No Image
6880,JM Sharma,Right hand Bat,Unknown,Wicketkeeper,Jitesh Mohan Sharma,Jitesh Mohan,No Image
12465,DT Patil,Right hand Bat,Unknown,Wicketkeeper,Devraj Thyagaraj Patil,Devraj Thyagaraj,No Image
11953,JR Hopes,Right hand Bat,Right arm Medium,Unknown,James Redfern Hopes,James Redfern,No Image
6885,VG Arora,Right hand Bat,Right arm Fast medium,Unknown,Vaibhav Gopal Arora,Vaibhav Gopal,No Image
9225,AJ Hosein,Left hand Bat,Slow Left arm Orthodox,Unknown,Akeal Jerome Hosein,Akeal Jerome,No Image
16862,CJ Ferguson,Right hand Bat,Right arm Medium,Unknown,Callum James Ferguson,Callum James,No Image
14985,KAJ Roach,Right hand Bat,Right arm Fast medium,Unknown,Kemar Andre Jamal Roach,Kemar Andre,No Image
400,EJG Morgan,Left hand Bat,Right arm Medium,Occasional Wicketkeeper,Eoin Joseph Gerard Morgan,Eoin Joseph,No Image
