Player,Matches,Innings,Runs,Balls_Faced,Outs,Batting_Average,Strike_Rate,Fours,Sixes,Dot_Balls,Dot_Ball_Percentage,Boundary_Percentage,Six_Percentage,Singles_Percentage,Doubles_Percentage,Triples_Percentage
"V Kohli",259,261,8671,6702,217,39.96,129.38,774,292,2331,34.78,55.91,20.21,41.90,7.10,0.31
"RG Sharma",266,267,7048,5475,235,29.99,128.73,640,303,2154,39.34,62.12,25.79,38.28,5.00,0.13
"S Dhawan",221,222,6769,5483,187,36.20,123.45,768,153,2136,38.96,58.95,13.56,38.34,5.45,0.42
"DA Warner",184,187,6567,4849,158,41.56,135.43,663,236,1873,38.63,61.95,21.56,34.69,7.63,0.49
"SK Raina",200,201,5536,4177,162,34.17,132.54,506,204,1476,35.34,58.67,22.11,40.89,6.49,0.26
"MS Dhoni",241,241,5439,4101,139,39.13,132.63,375,264,1481,36.11,56.70,29.12,39.55,8.39,0.37
"KL Rahul",135,138,5235,3947,112,46.74,132.63,453,208,1389,35.19,58.45,23.84,41.15,6.79,0.13
"AB de Villiers",170,172,5181,3487,122,42.47,148.58,414,253,1115,31.98,61.26,29.30,40.72,7.69,0.49
"AM Rahane",183,183,5032,4133,160,31.45,121.75,515,123,1573,38.06,55.60,14.67,39.41,6.63,0.46
"CH Gayle",141,145,4997,3516,125,39.98,142.12,408,359,1636,46.53,75.77,43.11,28.95,2.62,0.09
"RV Uthappa",197,198,4954,3927,175,28.31,126.15,481,182,1598,40.69,60.88,22.04,36.11,5.86,0.38
"KD Karthik",233,235,4843,3687,175,27.67,131.35,466,161,1329,36.05,58.43,19.95,39.71,7.00,0.16
"F du Plessis",147,147,4773,3605,128,37.29,132.40,440,174,1289,35.76,58.75,21.87,40.47,6.19,0.50
"SV Samson",171,171,4704,3475,148,31.78,135.37,379,219,1258,36.20,60.16,27.93,39.77,6.36,0.43
"AT Rayudu",185,185,4348,3490,148,29.38,124.58,359,173,1274,36.50,56.90,23.87,42.84,5.39,0.03
"SA Yadav",151,152,4311,2961,120,35.93,145.59,454,168,1044,35.26,65.51,23.38,37.49,6.01,0.24
"G Gambhir",151,151,4217,3524,128,32.95,119.67,492,59,1357,38.51,55.06,8.39,38.37,7.07,0.43
"JC Buttler",119,120,4121,2856,101,40.80,144.29,408,185,1102,38.59,66.54,26.94,33.40,6.93,0.28
"MK Pandey",161,163,3951,3355,133,29.71,117.76,340,116,1269,37.82,52.04,17.62,41.31,6.83,0.36
"SR Watson",141,143,3880,2892,124,31.29,134.16,377,190,1248,43.15,68.25,29.38,32.26,4.67,0.28
"Shubman Gill",114,114,3866,2867,95,40.69,134.84,372,119,952,33.21,56.96,18.47,41.68,7.60,0.38
"SS Iyer",131,132,3735,2905,109,34.27,128.57,315,152,1060,36.49,58.15,24.42,41.41,5.75,0.24
"RR Pant",123,126,3566,2504,102,34.96,142.41,321,170,909,36.30,64.61,28.60,37.98,5.99,0.08
"KA Pollard",168,172,3437,2447,120,28.64,140.46,221,224,967,39.52,64.82,39.10,35.64,6.29,0.33
"Q de Kock",115,116,3312,2533,106,31.25,130.75,325,134,1020,40.27,63.53,24.28,36.00,5.29,0.24
"RA Jadeja",194,194,3260,2607,115,28.35,125.05,240,117,895,34.33,50.98,21.53,42.88,8.86,0.23
"YK Pathan",153,154,3222,2334,105,30.69,138.05,263,161,872,37.36,62.63,29.98,37.57,6.68,0.21
"DA Miller",133,134,3077,2295,84,36.63,134.07,220,138,766,33.38,55.51,26.91,42.48,8.45,0.09
"Ishan Kishan",112,112,2998,2237,101,29.68,134.02,288,134,886,39.61,65.24,26.82,36.66,4.69,0.18
"WP Saha",143,143,2934,2368,118,24.86,123.90,296,87,935,39.48,58.15,17.79,37.08,7.01,0.25
"BB McCullum",109,111,2882,2272,102,28.25,126.85,293,130,1028,45.25,67.73,27.06,31.47,4.53,0.13
"N Rana",112,112,2853,2156,102,27.97,132.33,261,141,890,41.28,66.25,29.65,35.90,3.85,0.28
"PA Patel",136,136,2848,2442,121,23.54,116.63,365,49,1081,44.27,61.59,10.32,33.21,5.20,0.33
"GJ Maxwell",134,135,2820,1896,114,24.74,148.73,238,161,732,38.61,68.01,34.26,33.39,6.70,0.26
"MA Agarwal",125,126,2764,2146,117,23.62,128.80,275,100,852,39.70,61.51,21.71,36.63,5.82,0.28
"HH Pandya",140,143,2758,1962,95,29.03,140.57,207,150,709,36.14,62.65,32.63,39.25,6.12,0.25
"Yuvraj Singh",126,127,2754,2207,107,25.74,124.78,218,149,977,44.27,64.12,32.46,33.57,5.39,0.14
"V Sehwag",104,104,2728,1833,95,28.72,148.83,334,106,737,40.21,72.29,23.31,30.44,5.24,0.11
"AD Russell",114,115,2655,1626,90,29.50,163.28,187,223,707,43.48,78.57,50.40,27.61,3.69,0.00
"M Vijay",105,105,2619,2208,93,28.16,118.61,247,91,987,44.70,58.57,20.85,31.75,7.43,0.77
"RD Gaikwad",70,70,2502,1863,60,41.70,134.30,231,95,669,35.91,59.71,22.78,39.45,6.76,0.38
"SPD Smith",93,95,2495,1999,70,35.64,124.81,226,60,660,33.02,50.66,14.43,44.12,8.20,0.35
"SE Marsh",69,70,2489,1913,62,40.15,130.11,269,78,736,38.47,62.03,18.80,37.85,5.18,0.31
"JH Kallis",95,95,2427,2291,83,29.24,105.94,255,44,982,42.86,52.90,10.88,38.76,4.93,0.35
"DR Smith",88,88,2385,1803,80,29.81,132.28,245,117,832,46.15,70.52,29.43,28.90,4.66,0.17
"SR Tendulkar",78,78,2334,2044,67,34.84,114.19,296,29,874,42.76,58.18,7.46,35.27,5.72,0.34
"N Pooran",86,88,2293,1433,66,34.74,160.01,158,167,532,37.12,71.26,43.70,34.61,5.37,0.21
"RA Tripathi",98,98,2291,1707,85,26.95,134.21,229,85,649,38.02,62.24,22.26,36.79,6.50,0.29
"R Dravid",82,82,2174,1918,75,28.99,113.35,269,28,819,42.70,57.22,7.73,35.51,6.15,0.05
"YBK Jaiswal",66,66,2166,1454,62,34.94,148.97,259,92,593,40.78,73.31,25.48,30.81,3.85,0.41
"KS Williamson",76,77,2132,1734,58,36.76,122.95,187,64,622,35.87,53.10,18.01,42.27,6.86,0.46
"AJ Finch",90,91,2092,1696,82,25.51,123.35,214,78,749,44.16,63.29,22.37,32.19,6.19,0.24
"AC Gilchrist",80,80,2069,1555,75,27.59,133.05,239,92,737,47.40,72.89,26.68,26.82,4.24,0.26
"JP Duminy",75,75,2029,1680,48,42.27,120.77,126,79,562,33.45,48.20,23.36,46.49,7.50,0.36
"MP Stoinis",99,99,2026,1457,71,28.54,139.05,158,106,537,36.86,62.59,31.39,38.30,6.59,0.07
"MEK Hussey",58,58,1977,1648,49,40.35,119.96,198,52,643,39.02,55.84,15.78,39.32,5.83,0.67
"AR Patel",123,123,1916,1489,84,22.81,128.68,130,94,529,35.53,56.58,29.44,42.98,6.45,0.00
"PP Shaw",79,79,1892,1321,76,24.89,143.22,238,61,522,39.52,69.66,19.34,32.48,5.15,0.23
"S Dube",75,75,1859,1366,60,30.98,136.09,108,122,518,37.92,62.61,39.38,39.68,5.49,0.07
"Abhishek Sharma",74,74,1816,1167,66,27.52,155.61,174,101,451,38.65,71.70,33.37,31.79,5.74,0.26
"DPMD Jayawardene",78,79,1808,1522,59,30.64,118.79,200,40,619,40.67,57.52,13.27,37.12,6.11,0.26
"D Padikkal",74,74,1806,1496,70,25.80,120.72,192,56,632,42.25,61.13,18.60,35.90,4.81,0.47
"B Sai Sudharsan",40,40,1793,1279,35,51.23,140.19,183,53,400,31.27,58.56,17.74,42.85,7.19,0.16
"SP Narine",118,118,1780,1144,95,18.74,155.59,189,116,557,48.69,81.57,39.10,20.98,3.50,0.09
"KH Pandya",114,114,1756,1376,77,22.81,127.62,153,65,537,39.03,57.06,22.21,35.90,8.79,0.44
"Mandeep Singh",97,97,1706,1418,80,21.33,120.31,176,38,555,39.14,54.63,13.36,37.45,7.97,0.28
"MK Tiwary",83,83,1695,1489,57,29.74,113.83,156,40,571,38.35,50.97,14.16,42.51,5.17,0.54
"KK Nair",76,76,1694,1314,68,24.91,128.92,185,49,519,39.50,61.04,17.36,35.77,6.47,0.38
"KC Sangakkara",68,68,1687,1424,65,25.95,118.47,195,27,552,38.76,55.84,9.60,39.54,5.69,0.35
"JM Bairstow",52,52,1674,1181,47,35.62,141.74,173,74,479,40.56,67.86,26.52,32.01,6.01,0.51
"R Parag",72,73,1570,1156,58,27.07,135.81,112,87,428,37.02,61.78,33.25,39.71,5.97,0.09
"DJ Bravo",110,110,1560,1247,68,22.94,125.10,120,66,498,39.94,56.15,25.38,35.85,8.90,0.40
"NV Ojha",94,94,1554,1360,72,21.58,114.26,121,79,648,47.65,61.65,30.50,32.21,4.71,0.74
"Tilak Varma",51,51,1499,1089,38,39.45,137.65,113,74,376,34.53,59.77,29.62,41.60,6.34,0.37
"DJ Hooda",101,102,1497,1213,79,18.95,123.41,98,62,428,35.28,51.04,24.85,42.95,8.24,0.33
"SS Tiwary",73,73,1494,1291,49,30.49,115.72,111,50,479,37.10,49.80,20.08,42.91,7.36,0.15
"SO Hetmyer",78,79,1488,1036,50,29.76,143.63,94,93,380,36.68,62.77,37.50,37.16,8.01,0.10
"H Klaasen",45,45,1480,907,36,41.11,163.18,98,89,243,26.79,62.57,36.08,44.21,8.27,0.11
"VR Iyer",56,56,1468,1107,49,29.96,132.61,136,65,448,40.47,63.62,26.57,34.87,6.32,0.09
"S Badrinath",65,65,1441,1245,46,31.33,115.74,154,28,493,39.60,54.41,11.66,38.88,6.83,0.08
"AK Markram",55,55,1440,1093,46,31.30,131.75,111,57,348,31.84,54.58,23.75,46.20,6.13,0.46
"EJG Morgan",74,75,1406,1181,59,23.83,119.05,112,64,512,43.35,59.17,27.31,35.22,6.18,0.34
"BJ Hodge",63,63,1400,1153,41,34.15,121.42,122,43,439,38.07,53.29,18.43,39.20,7.72,0.69
"P Simran Singh",52,52,1355,904,50,27.10,149.89,141,71,373,41.26,73.06,31.44,30.42,4.65,0.22
"SC Ganguly",56,56,1349,1326,52,25.94,101.73,137,42,662,49.92,59.30,18.68,32.20,4.07,0.23
"CA Lynn",42,42,1329,974,38,34.97,136.45,132,66,416,42.71,69.53,29.80,32.34,4.62,0.00
"DJ Hussey",61,61,1322,1101,46,28.74,120.07,90,60,425,38.60,54.46,27.23,41.05,6.54,0.18
"MR Marsh",49,49,1292,933,44,29.36,138.48,104,75,375,40.19,67.03,34.83,36.01,4.18,0.43
"V Shankar",63,63,1233,985,46,26.80,125.18,88,48,339,34.42,51.91,23.36,43.45,8.22,0.10
"KM Jadhav",81,81,1208,1012,51,23.69,119.37,102,40,375,37.06,53.64,19.87,42.69,6.03,0.20
"MM Ali",59,59,1167,865,51,22.88,134.91,95,67,357,41.27,67.01,34.45,35.49,4.51,0.00
"TM Dilshan",50,50,1153,1047,40,28.83,110.12,140,24,492,46.99,61.06,12.49,32.00,5.16,0.19
"IK Pathan",82,83,1150,985,49,23.47,116.75,88,38,373,37.87,50.43,19.83,41.32,7.72,0.20
"TM Head",37,37,1146,706,32,35.81,162.32,126,55,254,35.98,72.77,28.80,32.58,5.81,0.00
"R Tewatia",76,76,1112,851,46,24.17,130.67,90,54,332,39.01,61.51,29.14,37.84,6.23,0.00
"RM Patidar",38,38,1111,759,35,31.74,146.38,76,68,263,34.65,64.09,36.72,40.32,5.93,0.13
"ML Hayden",32,33,1107,839,28,39.54,131.94,121,44,367,43.74,67.57,23.85,30.63,5.72,0.24
"RK Singh",51,51,1099,793,36,30.53,138.59,87,56,289,36.44,62.24,30.57,38.84,6.56,0.13
"M Vohra",51,51,1083,863,47,23.04,125.49,104,43,393,45.54,62.23,23.82,28.85,7.42,1.04
"DP Conway",28,28,1080,794,24,45.00,136.02,117,34,288,36.27,62.22,18.89,38.54,5.67,0.50
"LMP Simmons",29,29,1079,878,26,41.50,122.89,109,44,402,45.79,64.87,24.47,30.64,5.92,0.23
"PD Salt",34,34,1056,623,31,34.06,169.50,122,56,242,38.84,78.03,31.82,27.93,4.65,0.00
"LS Livingstone",47,47,1051,699,39,26.95,150.36,70,75,264,37.77,69.46,42.82,37.34,3.86,0.29
"LRPL Taylor",54,54,1017,847,38,26.76,120.07,66,46,334,39.43,53.10,27.14,39.43,7.32,0.35
"KP Pietersen",36,36,1001,758,27,37.07,132.06,91,40,290,38.26,60.34,23.98,37.47,6.33,0.53
"MC Henriques",54,54,1000,801,36,27.78,124.84,87,28,284,35.46,51.60,16.80,40.32,9.49,0.37
"SM Curran",53,53,997,761,40,24.93,131.01,85,41,283,37.19,58.78,24.67,38.50,7.75,0.00
"JM Sharma",47,47,991,656,39,25.41,151.07,77,62,249,37.96,68.62,37.54,34.45,6.25,0.15
"Y Venugopal Rao",52,52,985,865,42,23.45,113.87,77,37,355,41.04,53.81,22.54,39.42,6.13,0.12
"JA Morkel",67,68,975,712,38,25.66,136.94,61,55,252,35.39,58.87,33.85,40.45,7.72,0.14
"A Symonds",36,36,974,781,24,40.58,124.71,74,41,308,39.44,55.65,25.26,36.88,8.45,0.51
"CL White",45,46,971,774,34,28.56,125.45,76,38,274,35.40,54.79,23.48,43.28,6.33,0.26
"A Badoni",46,46,963,740,35,27.51,130.14,73,38,261,35.27,54.00,23.68,40.14,9.05,0.54
"BA Stokes",43,43,935,718,38,24.61,130.22,81,32,253,35.24,55.19,20.53,40.39,8.22,0.28
"HH Gibbs",36,36,886,837,31,28.58,105.85,83,31,410,48.98,58.47,20.99,31.54,5.38,0.36
"STR Binny",66,66,880,700,43,20.47,125.71,66,35,268,38.29,53.86,23.86,37.57,8.71,1.00
"TH David",44,44,846,524,25,33.84,161.45,54,60,184,35.11,68.09,42.55,35.11,7.63,0.38
"Harbhajan Singh",88,88,833,636,51,16.33,130.97,79,42,285,44.81,68.19,30.25,30.66,5.50,0.00
"R Ashwin",93,93,833,728,61,13.66,114.42,64,29,280,38.46,51.62,20.89,42.17,6.59,0.00
"MS Bisla",39,39,798,737,36,22.17,108.28,93,23,375,50.88,63.91,17.29,28.09,4.88,0.41
"Shakib Al Hasan",52,53,795,665,39,20.38,119.55,73,21,239,35.94,52.58,15.85,43.16,6.77,0.00
"Shashank Singh",33,33,773,510,18,42.94,151.57,56,43,159,31.18,62.35,33.38,41.96,7.25,0.20
"ST Jayasuriya",30,30,768,573,28,27.43,134.03,84,39,292,50.96,74.22,30.47,22.34,3.84,1.22
"Abdul Samad",51,52,743,506,38,19.55,146.84,45,50,181,35.77,64.60,40.38,38.93,6.52,0.00
"GC Smith",29,29,739,691,26,28.42,106.95,94,9,320,46.31,58.19,7.31,33.00,5.64,0.14
"M Shahrukh Khan",48,48,732,517,31,23.61,141.59,46,50,200,38.68,66.12,40.98,37.52,5.22,0.00
"AD Mathews",41,41,724,599,28,25.86,120.87,44,29,207,34.56,48.34,24.03,44.57,8.18,0.50
"N Wadhera",31,31,719,522,26,27.65,137.74,60,39,205,39.27,65.92,32.55,36.78,4.79,0.19
"T Stubbs",30,31,711,442,15,47.40,160.86,51,38,108,24.43,60.76,32.07,48.19,6.79,0.45
"C Green",28,28,707,472,17,41.59,149.79,62,32,144,30.51,62.23,27.16,43.01,6.14,0.42
"Dhruv Jurel",35,35,680,456,22,30.91,149.12,51,38,148,32.46,63.53,33.53,41.67,6.36,0.00
"TL Suman",39,39,676,587,30,22.53,115.16,55,26,255,43.44,55.62,23.08,34.92,7.33,0.51
"AM Nayar",50,50,672,588,36,18.67,114.29,55,20,234,39.80,50.60,17.86,39.12,7.99,0.17
"GJ Bailey",36,36,663,552,26,25.50,120.11,59,19,207,37.50,52.79,17.19,40.22,7.97,0.18
"Abishek Porel",29,29,661,454,26,25.42,145.59,65,27,155,34.14,63.84,24.51,39.43,5.73,0.22
"E Lewis",26,26,654,499,24,27.25,131.06,62,36,234,46.89,70.95,33.03,29.26,3.81,0.40
"PP Chawla",86,86,624,580,53,11.77,107.59,56,20,263,45.34,55.13,19.23,35.00,6.38,0.17
"CH Morris",49,49,618,413,28,22.07,149.64,41,35,134,32.45,60.52,33.98,39.47,9.44,0.24
"JJ Roy",21,21,614,460,19,32.32,133.48,75,21,197,42.83,69.38,20.52,32.17,3.70,0.43
"PJ Cummins",48,48,612,417,29,21.10,146.76,39,41,169,40.53,65.69,40.20,30.46,9.59,0.24
"JD Ryder",29,29,604,466,27,22.37,129.61,69,19,200,42.92,64.57,18.87,31.12,6.44,0.64
"Rashid Khan",66,66,585,387,42,13.93,151.16,41,41,166,42.89,70.09,42.05,26.87,8.79,0.26
"SN Khan",36,36,585,456,26,22.50,128.29,63,14,161,35.31,57.44,14.36,41.01,6.80,0.00
"HM Amla",16,16,577,418,13,44.38,138.04,60,21,150,35.89,63.43,21.84,39.23,5.26,0.24
"Priyansh Arya",18,18,545,310,18,30.28,175.81,60,31,118,38.06,78.17,34.13,26.77,5.81,0.00
"Shahbaz Ahmed",38,38,545,475,28,19.46,114.74,29,25,184,38.74,48.81,27.52,41.47,8.00,0.42
"CJ Anderson",29,29,538,436,22,24.45,123.39,40,31,200,45.87,64.31,34.57,31.88,5.73,0.23
"RS Bopara",22,22,531,468,17,31.24,113.46,39,16,175,37.39,47.46,18.08,43.59,5.77,1.50
"JP Faulkner",45,46,527,406,26,20.27,129.80,36,23,145,35.71,53.51,26.19,39.41,10.10,0.25
"MK Lomror",35,35,527,389,29,18.17,135.48,33,30,136,34.96,59.20,34.16,42.42,6.43,0.00
"M Manhas",38,38,514,486,23,22.35,105.76,43,10,197,40.53,45.14,11.67,39.30,9.05,0.21
"Gurkeerat Singh",32,32,511,436,24,21.29,117.20,55,11,170,38.99,55.97,12.92,40.37,5.28,0.23
"Washington Sundar",43,43,511,426,31,16.48,119.95,42,16,159,37.32,51.66,18.79,41.08,7.04,0.94
"OA Shah",22,22,506,405,12,42.17,124.94,34,23,149,36.79,54.15,27.27,41.48,7.16,0.49
"PC Valthaty",23,23,505,432,22,22.95,116.90,61,20,230,53.24,72.08,23.76,23.38,4.63,0.00
"SW Billings",27,27,503,399,26,19.35,126.07,40,20,152,38.10,55.67,23.86,38.10,8.52,0.25
"Nithish Kumar Reddy",22,22,485,382,17,28.53,126.96,31,25,141,36.91,56.49,30.93,41.88,6.28,0.26
"RR Rossouw",22,22,473,321,20,23.65,147.35,45,25,129,40.19,69.77,31.71,31.46,6.54,0.00
"A Raghuvanshi",18,18,463,326,16,28.94,142.02,46,16,99,30.37,60.48,20.73,45.71,4.29,0.61
"WG Jacks",19,19,463,306,16,28.94,151.31,38,29,113,36.93,70.41,37.58,37.58,3.59,0.00
"DT Christian",41,41,460,408,27,17.04,112.75,23,19,145,35.54,44.78,24.78,46.57,7.11,0.49
"D Brevis",16,16,455,305,16,28.44,149.18,30,33,120,39.34,69.89,43.52,35.08,4.92,0.00
"NLTC Perera",30,31,424,326,22,19.27,130.06,23,26,129,39.57,58.49,36.79,37.12,7.98,0.31
"SA Asnodkar",19,19,423,352,18,23.50,120.17,56,10,164,46.59,67.14,14.18,29.83,4.83,0.00
"JR Hopes",19,19,417,314,16,26.06,132.80,49,11,120,38.22,62.83,15.83,36.31,6.05,0.32
"R Ravindra",18,18,413,298,16,25.81,138.59,40,16,107,35.91,61.99,23.24,38.26,6.71,0.34
"J Botha",28,28,409,364,20,20.45,112.36,39,5,138,37.91,45.48,7.33,39.29,10.16,0.55
"LR Shukla",33,33,405,358,27,15.00,113.13,33,16,152,42.46,56.30,23.70,38.27,5.59,0.00
"AL Menaria",23,23,401,367,21,19.10,109.26,24,18,152,41.42,50.87,26.93,40.60,6.54,0.00
"SE Rutherford",20,20,397,310,16,24.81,128.06,25,26,131,42.26,64.48,39.29,37.10,4.19,0.00
"MV Boucher",23,23,394,318,14,28.14,123.90,32,13,116,36.48,52.28,19.80,39.94,9.12,0.31
"Ashutosh Sharma",18,18,393,256,14,28.07,153.52,24,28,92,35.94,67.18,42.75,37.11,6.64,0.00
"Naman Dhir",19,19,392,226,14,28.00,173.45,37,23,74,32.74,72.96,35.20,34.51,6.19,0.00
"CA Pujara",22,22,390,403,18,21.67,96.77,50,4,200,49.63,57.44,6.15,33.00,3.72,0.25
"Azhar Mahmood",21,21,388,311,19,20.42,124.76,39,13,124,39.87,60.31,20.10,37.30,6.11,0.00
"RD Rickelton",14,14,388,266,13,29.85,145.86,47,17,116,43.61,74.74,26.29,27.82,4.51,0.00
"J Fraser-McGurk",15,15,385,203,14,27.50,189.66,39,30,93,45.81,87.27,46.75,16.75,2.96,0.49
"A Mishra",55,55,381,440,28,13.61,86.59,31,5,199,45.23,40.42,7.87,41.59,5.00,0.00
"KR Mayers",13,13,379,276,13,29.15,137.32,38,22,141,51.09,74.93,34.83,21.01,5.80,0.00
"DB Ravi Teja",25,25,375,325,19,19.74,115.38,35,9,124,38.15,51.73,14.40,41.85,5.54,0.92
"S Sohal",20,20,368,311,18,20.44,118.33,34,18,158,50.80,66.30,29.35,26.37,5.47,0.32
"P Negi",35,35,365,301,22,16.59,121.26,27,16,124,41.20,55.89,26.30,35.88,8.31,0.33
"R Powell",23,23,365,261,20,18.25,139.85,22,28,116,44.44,70.14,46.03,31.03,5.36,0.00
"Rahmanullah Gurbaz",18,18,363,283,0,NULL,128.27,34,22,146,51.59,73.83,36.36,24.03,4.24,0.35
"KV Sharma",40,40,352,307,24,14.67,114.66,20,17,125,40.72,51.70,28.98,39.41,7.49,0.33
"DJ Mitchell",15,15,351,274,13,27.00,128.10,28,10,82,29.93,49.00,17.09,47.45,8.39,0.36
"R Bhatia",47,47,342,290,29,11.79,117.93,24,13,110,37.93,50.88,22.81,41.03,7.93,0.34
"P Kumar",57,57,340,323,34,10.00,105.26,22,17,158,48.92,55.88,30.00,31.58,7.43,0.00
"AP Tare",27,27,339,285,24,14.13,118.95,40,11,142,49.82,66.67,19.47,25.26,6.67,0.35
"JEC Franklin",16,16,327,309,11,29.73,105.83,25,9,124,40.13,47.09,16.51,41.75,7.12,0.00
"RN ten Doeschate",21,21,326,238,14,23.29,136.97,26,15,80,33.61,59.51,27.61,42.86,6.30,0.00
"SN Thakur",40,40,325,243,26,12.50,133.74,30,13,92,37.86,60.92,24.00,37.04,7.00,0.41
"B Kumar",71,71,320,364,35,9.14,87.91,31,3,176,48.35,44.38,5.63,35.99,6.04,0.27
"Anuj Rawat",21,21,318,276,14,22.71,115.22,26,14,123,44.57,59.12,26.42,35.14,5.43,0.36
"R Vinay Kumar",42,42,310,289,25,12.40,107.27,21,9,118,40.83,44.52,17.42,38.06,10.73,0.00
"Lalit Yadav",21,21,305,301,15,20.33,101.33,27,7,129,42.86,49.18,13.77,40.53,4.98,0.33
"DB Das",22,22,304,267,12,25.33,113.86,23,16,124,46.44,61.84,31.58,34.46,4.49,0.00
"C de Grandhomme",21,21,303,229,14,21.64,132.31,18,18,86,37.55,59.41,35.64,39.74,6.99,0.00
"LA Pomersbach",16,16,302,251,10,30.20,120.32,25,13,109,43.43,58.94,25.83,33.86,7.17,0.40
"UBT Chand",20,20,300,314,20,15.00,95.54,32,9,170,54.14,60.67,18.00,28.03,4.78,0.00
"DJG Sammy",20,20,295,251,15,19.67,117.53,15,18,108,43.03,56.95,36.61,37.45,5.98,0.40
"SP Goswami",21,21,293,307,19,15.42,95.44,32,3,144,46.91,49.83,6.14,35.83,5.54,0.33
"A Manohar",20,20,292,243,19,15.37,120.16,23,14,99,40.74,60.27,28.77,40.33,3.70,0.00
"Y Nagar",20,20,285,271,14,20.36,105.17,20,9,113,41.70,47.02,18.95,40.22,6.64,0.74
"GH Vihari",23,23,284,331,19,14.95,85.80,23,1,146,44.11,34.51,2.11,41.39,6.95,0.30
"VVS Laxman",20,20,282,271,16,17.63,104.06,33,5,123,45.39,57.45,10.64,36.90,3.69,0.00
"A Ashish Reddy",23,23,280,196,15,18.67,142.86,16,15,61,31.12,55.00,32.14,42.35,10.20,0.51
"B Chipli",21,21,280,256,15,18.67,109.38,28,7,110,42.97,55.00,15.00,39.06,2.73,1.56
"JP Inglis",11,11,278,177,9,30.89,157.06,26,16,69,38.98,71.94,34.53,30.51,6.78,0.00
"MJ Lumb",12,12,278,198,10,27.80,140.40,45,6,96,48.48,77.70,12.95,20.71,4.55,0.51
"PBB Rajapaksa",13,13,277,201,12,23.08,137.81,22,15,80,39.80,64.26,32.49,34.33,7.46,0.00
"PK Garg",19,19,273,247,18,15.17,110.53,16,9,94,38.06,43.22,19.78,41.70,9.31,0.81
"MJ Guptill",13,14,271,197,12,22.58,137.56,24,15,88,44.67,68.63,33.21,30.46,3.55,1.02
"HV Patel",41,41,270,241,26,10.38,112.03,16,15,107,44.40,57.04,33.33,37.34,5.39,0.00
"R Sathish",24,24,270,236,16,16.88,114.41,22,6,92,38.98,45.93,13.33,37.71,10.17,1.27
"JC Archer",30,30,262,183,18,14.56,143.17,14,18,68,37.16,62.60,41.22,37.16,8.20,0.00
"Atharva Taide",10,10,260,188,9,28.89,138.30,30,8,74,39.36,64.62,18.46,32.45,7.45,0.53
"JO Holder",27,27,259,217,21,12.33,119.35,13,18,98,45.16,61.78,41.70,35.48,5.07,0.00
"M Kaif",22,22,259,258,16,16.19,100.39,22,6,120,46.51,47.88,13.90,33.33,8.91,0.39
"V Suryavanshi",7,7,252,129,7,36.00,195.35,18,24,53,41.09,85.71,57.14,24.81,1.55,0.00
"K Gowtham",27,27,247,159,18,13.72,155.35,15,17,62,38.99,65.59,41.30,29.56,10.06,1.26
"Harpreet Brar",26,26,244,214,12,20.33,114.02,19,10,93,43.46,55.74,24.59,35.51,7.48,0.00
"SM Katich",11,11,241,191,9,26.78,126.18,26,8,85,44.50,63.07,19.92,29.32,7.85,0.52
"A Mhatre",7,7,240,131,7,34.29,183.21,31,11,45,34.35,79.17,27.50,29.01,4.58,0.00
"BCJ Cutting",17,17,238,146,10,23.80,163.01,15,19,58,39.73,73.11,47.90,30.14,6.85,0.00
"MD Mishra",17,17,237,213,15,15.80,111.27,24,8,102,47.89,60.76,20.25,30.52,6.57,0.00
"Aniket Verma",12,12,236,148,9,26.22,159.46,12,20,58,39.19,71.19,50.85,32.43,6.76,0.00
"Mohammad Nabi",19,20,221,157,16,13.81,140.76,18,12,60,38.22,65.16,32.58,36.94,5.10,0.64
"K Goel",16,16,218,239,13,16.77,91.21,17,9,130,54.39,55.96,24.77,29.71,4.60,0.42
"AA Jhunjhunwala",15,15,217,218,12,18.08,99.54,19,5,98,44.95,48.85,13.82,37.61,5.96,0.46
"Ramandeep Singh",20,20,217,142,11,19.73,152.82,9,17,50,35.21,63.59,47.00,38.03,7.75,0.70
"K Rabada",30,30,215,216,16,13.44,99.54,16,9,106,49.07,54.88,25.12,33.80,5.56,0.00
"R Dhawan",22,22,210,188,10,21.00,111.70,18,7,85,45.21,54.29,20.00,32.45,8.51,0.53
"UT Yadav",48,48,208,211,20,10.40,98.58,16,9,106,50.24,56.73,25.96,33.18,4.74,0.00
"CA Ingram",15,15,205,183,12,17.08,112.02,22,5,78,42.62,57.56,14.63,37.70,4.92,0.00
"PD Collingwood",7,7,203,159,4,50.75,127.67,9,13,60,37.74,56.16,38.42,41.51,6.29,0.63
"Kuldeep Yadav",37,37,201,240,12,16.75,83.75,18,3,122,50.83,44.78,8.96,34.58,5.83,0.00
"KS Bharat",8,8,199,168,7,28.43,118.45,12,8,62,36.90,48.24,24.12,41.67,8.93,0.60
"SK Warne",27,27,198,219,17,11.65,90.41,14,6,105,47.95,46.46,18.18,37.44,5.48,0.00
"JD Unadkat",27,27,197,170,13,15.15,115.88,16,7,70,41.18,53.81,21.32,37.06,8.24,0.00
"SP Fleming",10,10,196,171,9,21.78,114.62,27,3,86,50.29,64.29,9.18,24.56,6.43,1.17
"AS Raut",16,16,194,172,9,21.56,112.79,13,7,67,38.95,48.45,21.65,42.44,5.23,1.74
"BJ Rohrer",8,9,193,146,7,27.57,132.19,21,5,57,39.04,59.07,15.54,32.88,9.59,0.68
"Salman Butt",7,7,193,172,7,27.57,112.21,30,2,86,50.00,68.39,6.22,27.33,4.07,0.00
"YV Takawale",10,10,192,183,8,24.00,104.92,26,3,100,54.64,63.54,9.38,22.40,6.56,0.00
"HC Brook",11,11,190,159,9,21.11,119.50,23,4,70,44.03,61.05,12.63,31.45,7.55,0.00
"Bipul Sharma",17,17,187,124,6,31.17,150.81,11,9,34,27.42,52.41,28.88,41.13,15.32,0.00
"R Shepherd",12,12,185,93,7,26.43,198.92,12,17,35,37.63,81.08,55.14,24.73,6.45,0.00
"FY Fazal",11,11,183,179,9,20.33,102.23,22,1,74,41.34,51.37,3.28,41.90,3.91,0.00
"MS Wade",14,14,183,185,13,14.08,98.92,23,2,93,50.27,56.83,6.56,29.73,6.49,0.00
"SD Hope",9,9,183,125,7,26.14,146.40,12,12,48,38.40,65.57,39.34,34.40,8.00,0.00
"Sikandar Raza",9,9,182,143,7,26.00,127.27,12,8,59,41.26,52.75,26.37,30.77,12.59,1.40
"AC Voges",7,7,181,143,4,45.25,126.57,15,3,44,30.77,43.09,9.94,42.66,12.59,1.40
"CR Brathwaite",14,14,181,120,13,13.92,150.83,10,16,53,44.17,75.14,53.04,30.83,3.33,0.00
"S Gopal",22,22,180,173,12,15.00,104.05,19,2,71,41.04,48.89,6.67,40.46,6.36,0.00
"AB Agarkar",18,18,179,160,8,22.38,111.88,13,5,60,37.50,45.81,16.76,41.88,9.38,0.00
"C Munro",11,11,177,144,9,19.67,122.92,19,8,68,47.22,70.06,27.12,31.25,2.78,0.00
"MF Maharoof",14,14,177,124,10,17.70,142.74,12,9,44,35.48,57.63,30.51,34.68,12.90,0.00
"Sameer Rizvi",9,9,172,126,7,24.57,136.51,15,9,50,39.68,66.28,31.40,36.51,4.76,0.00
"DH Yagnik",17,17,170,142,9,18.89,119.72,23,2,62,43.66,61.18,7.06,30.99,7.75,0.00
"CM Gautam",13,13,169,158,9,18.78,106.96,17,6,84,53.16,61.54,21.30,25.32,5.06,1.90
"DW Steyn",33,33,167,163,20,8.35,102.45,14,3,72,44.17,44.31,10.78,33.74,11.66,0.00
"MG Johnson",28,28,167,168,13,12.85,99.40,10,7,80,47.62,49.10,25.15,34.52,7.14,0.60
"MN van Wyk",5,5,167,135,3,55.67,123.70,19,1,44,32.59,49.10,3.59,42.96,8.89,0.74
"PA Reddy",10,10,164,167,10,16.40,98.20,15,2,72,43.11,43.90,7.32,38.92,7.19,0.60
"N Jagadeesan",10,10,162,155,9,18.00,104.52,21,2,73,47.10,59.26,7.41,33.55,4.52,0.00
"MN Samuels",14,14,161,174,11,14.64,92.53,9,7,86,49.43,48.45,26.09,35.06,6.32,0.00
"R McLaren",13,13,159,178,8,19.88,89.33,14,1,76,42.70,38.99,3.77,43.82,4.49,0.56
"RE van der Merwe",15,15,159,144,11,14.45,110.42,11,8,66,45.83,57.86,30.19,36.81,2.78,1.39
"AD Hales",6,6,148,119,6,24.67,124.37,13,6,48,40.34,59.46,24.32,36.97,6.72,0.00
"D Wiese",11,11,148,105,5,29.60,140.95,12,7,34,32.38,60.81,28.38,43.81,5.71,0.00
"SM Pollock",8,8,147,116,8,18.38,126.72,12,8,47,40.52,65.31,32.65,40.52,1.72,0.00
"S Vidyut",8,8,145,115,8,18.13,126.09,21,3,55,47.83,70.34,12.41,26.09,4.35,0.87
"Sachin Baby",11,11,144,123,9,16.00,117.07,11,5,50,40.65,51.39,20.83,35.77,10.57,0.00
"V Nigam",8,8,142,82,5,28.40,173.17,16,8,30,36.59,78.87,33.80,31.71,2.44,0.00
"M Jansen",20,20,141,136,11,12.82,103.68,8,6,57,41.91,48.23,25.53,41.91,5.88,0.00
"N Saini",10,10,140,143,10,14.00,97.90,16,0,68,47.55,45.71,0.00,30.07,10.49,0.70
"Anmolpreet Singh",9,9,139,117,9,15.44,118.80,19,3,55,47.01,67.63,12.95,29.91,4.27,0.00
"SB Dubey",11,11,139,87,6,23.17,159.77,9,10,29,33.33,69.06,43.17,40.23,4.60,0.00
"S Anirudha",12,12,136,121,8,17.00,112.40,9,7,54,44.63,57.35,30.88,36.36,5.79,0.00
"SB Styris",10,10,131,134,7,18.71,97.76,10,3,53,39.55,44.27,13.74,47.01,3.73,0.00
"W Jaffer",8,8,130,129,7,18.57,100.78,14,3,64,49.61,56.92,13.85,31.78,4.65,0.78
"RD Chahar",22,22,129,127,15,8.60,101.57,13,5,70,55.12,63.57,23.26,24.41,6.30,0.00
"Kamran Akmal",6,6,128,78,4,32.00,164.10,13,8,33,42.31,78.13,37.50,25.64,5.13,0.00
"P Dogra",12,12,127,141,8,15.88,90.07,4,5,63,44.68,36.22,23.62,41.13,7.09,0.71
"TK Curran",10,10,127,108,5,25.40,117.59,10,3,37,34.26,45.67,14.17,43.52,10.19,0.00
"UT Khawaja",6,6,127,105,5,25.40,120.95,14,3,43,40.95,58.27,14.17,36.19,5.71,0.95
"M Morkel",20,20,126,93,10,12.60,135.48,11,5,35,37.63,58.73,23.81,35.48,8.60,1.08
"SS Prabhudessai",10,10,126,113,9,14.00,111.50,11,4,56,49.56,53.97,19.05,24.78,10.62,1.77
"BB Samantray",8,8,125,116,5,25.00,107.76,13,2,48,41.38,51.20,9.60,38.79,6.90,0.00
"MC Juneja",7,7,125,134,7,17.86,93.28,11,1,54,40.30,40.00,4.80,45.52,5.22,0.00
"MM Sharma",30,30,125,140,17,7.35,89.29,9,4,71,50.71,48.00,19.20,34.29,5.00,0.71
"B Lee",19,19,124,102,9,13.78,121.57,8,8,46,45.10,64.52,38.71,35.29,3.92,0.00
"AB McDonald",9,9,123,103,5,24.60,119.42,9,4,38,36.89,48.78,19.51,40.78,8.74,0.97
"Harpreet Singh",8,8,123,119,6,20.50,103.36,10,3,49,41.18,47.15,14.63,41.18,6.72,0.00
"DL Vettori",16,16,121,118,7,17.29,102.54,11,2,46,38.98,46.28,9.92,45.76,3.39,0.85
"NK Patel",6,6,121,124,4,30.25,97.58,14,1,61,49.19,51.24,4.96,30.65,7.26,0.81
"AC Blizzard",7,7,120,91,7,17.14,131.87,21,2,48,52.75,80.00,10.00,18.68,2.20,1.10
"TG Southee",19,19,120,108,11,10.91,111.11,8,4,47,43.52,46.67,20.00,34.26,10.19,0.00
"Arshad Khan",10,10,119,90,5,23.80,132.22,5,9,39,43.33,62.18,45.38,32.22,8.89,0.00
"DL Chahar",16,16,117,86,8,14.63,136.05,5,8,33,38.37,58.12,41.03,36.05,10.47,0.00
Misbah-ul-Haq,8,8,117,82,7,16.71,142.68,10,6,31,37.80,64.96,30.77,35.37,7.32,0.00
"MW Short",6,6,117,99,6,19.50,118.18,15,4,52,52.53,71.79,20.51,23.23,5.05,0.00
"RJ Harris",21,21,117,112,12,9.75,104.46,6,3,46,41.07,35.90,15.38,35.71,14.29,0.89
"Z Khan",27,27,117,141,14,8.36,82.98,11,2,74,52.48,47.86,10.26,33.33,4.96,0.00
"KK Cooper",12,12,116,70,9,12.89,165.71,9,8,29,41.43,72.41,41.38,22.86,11.43,0.00
"Aman Hakim Khan",10,10,115,109,9,12.78,105.50,8,6,55,50.46,59.13,31.30,30.28,6.42,0.00
"DJM Short",7,7,115,102,7,16.43,112.75,11,5,48,47.06,64.35,26.09,34.31,2.94,0.00
"M Kartik",14,14,113,109,6,18.83,103.67,7,1,32,29.36,30.09,5.31,55.05,7.34,0.92
"Mohammed Siraj",21,21,112,127,9,12.44,88.19,10,4,71,55.91,57.14,21.43,28.35,4.72,0.00
"DJ Harris",4,4,111,103,3,37.00,107.77,11,5,52,50.49,66.67,27.03,32.04,1.94,0.00
"MA Starc",21,21,111,120,10,11.10,92.50,11,0,51,42.50,39.64,0.00,40.83,7.50,0.00
"MJ Santner",19,19,110,111,8,13.75,99.10,6,6,54,48.65,54.55,32.73,36.04,4.50,0.00
"JDP Oram",11,11,106,110,8,13.25,96.36,6,5,50,45.45,50.94,28.30,41.82,2.73,0.00
"LJ Wright",5,5,106,63,4,26.50,168.25,16,3,22,34.92,77.36,16.98,31.75,3.17,0.00
"DS Kulkarni",20,20,104,113,8,13.00,92.04,7,2,50,44.25,38.46,11.54,39.82,7.08,0.88
"RJ Quiney",7,7,103,105,7,14.71,98.10,12,3,57,54.29,64.08,17.48,28.57,1.90,0.95
